username,timestamp_ist,content,likes,retweets,replies,content_clean,compound
1.96e+18,13-08-2025 11:03,"#Trade of the Day , Wednesday 13th Aug 2025

#niftycrash 
#nifty50
#NiftyBank https://t.co/HflAJcEkUl",0,0,0,"#Trade of the Day , Wednesday 13th Aug 2025 #niftycrash #nifty50 #NiftyBank",0.0
1.96e+18,13-08-2025 11:02,"🤑 Check in #TradingView Chart to enjoy the complete JO$H with us 🤩🤩🤩

#banknifty #nifty #sensex #trading #trending #bbtvi #coolie #war2 #trading #crypto #x #AI #cryptocurrency #nse #bse #StockMarket #IPO #stocks #sharemarket #VerifiedBySensibull #fii #dii #x #GIFTNIFTY #MCX https://t.co/KYiQPLWt6H https://t.co/uefXD5KEaP",0,0,0,🤑 Check in #TradingView Chart to enjoy the complete JO$H with us 🤩🤩🤩 #banknifty #nifty #sensex #trading #trending #bbtvi #coolie #war2 #trading #crypto #x #AI #cryptocurrency #nse #bse #StockMarket #IPO #stocks #sharemarket #VerifiedBySensibull #fii #dii #x #GIFTNIFTY #MCX,0.4939
1.96e+18,13-08-2025 11:01,"GMR Airports Share Price Target 2025,2030,2035,2040

#TrumpTariff #TarrifsOnIndia
#incometax #ITR2025 #banknifty
#stockmarketcrash #Nifty #Nifty50  #StockMarketIndia #StockMarket  #Sensex  #stockmarketsindia #StocksToBuy #StocksInFocus #StocksToTrade https://t.co/2MpakpaDHR",2,2,0,"GMR Airports Share Price Target 2025,2030,2035,2040 #TrumpTariff #TarrifsOnIndia #incometax #ITR2025 #banknifty #stockmarketcrash #Nifty #Nifty50 #StockMarketIndia #StockMarket #Sensex #stockmarketsindia #StocksToBuy #StocksInFocus #StocksToTrade",0.296
1.96e+18,13-08-2025 11:01,"#Nifty 24450 CE 158 TO 190 RUNNING/ TARGET 🎯 HIT 💸💸💸💰💰💰

Data bullish 💚 

#Nifty50 #Nifty #optionbuying #optionbuying #tradermindset #StockMarket #banknifty #Trending #BullMarket #BullishVibes https://t.co/FDGayaIUx1 https://t.co/cQ240mA7FI",0,0,0,#Nifty 24450 CE 158 TO 190 RUNNING/ TARGET 🎯 HIT 💸💸💸💰💰💰 Data bullish 💚 #Nifty50 #Nifty #optionbuying #optionbuying #tradermindset #StockMarket #banknifty #Trending #BullMarket #BullishVibes,0.0
1.96e+18,13-08-2025 11:01,"#Nifty 24450 CE 158 TO 190 RUNNING/ TARGET 🎯 HIT 💸💸💸💰💰💰

Data bullish 💚 

#Nifty50 #Nifty #optionbuying #optionbuying #tradermindset #StockMarket #banknifty #Trending #BullMarket #BullishTrends https://t.co/KH4O4SDE9z https://t.co/cQ240mA7FI",0,0,0,#Nifty 24450 CE 158 TO 190 RUNNING/ TARGET 🎯 HIT 💸💸💸💰💰💰 Data bullish 💚 #Nifty50 #Nifty #optionbuying #optionbuying #tradermindset #StockMarket #banknifty #Trending #BullMarket #BullishTrends,0.0
1.96e+18,13-08-2025 11:01,"#TopGainers #Nifty50                 

Check #trending #chartpatterns and #Updates on https://t.co/5ErPu4pSu6 and ""follow"" @MySoctr 

#Nifty #Nifty50 #investing #breakoutstocks #StocksInFocus #StocksToWatch #stocks #StocksToBuy #StocksToTrade #StockMarket #trading #stockmarkets https://t.co/O9kL85R2lO",0,0,0,"#TopGainers #Nifty50 Check #trending #chartpatterns and #Updates on and ""follow"" @MySoctr #Nifty #Nifty50 #investing #breakoutstocks #StocksInFocus #StocksToWatch #stocks #StocksToBuy #StocksToTrade #StockMarket #trading #stockmarkets",0.0
1.96e+18,13-08-2025 11:01,"#Nifty 24450 CE 158 TO 190 RUNNING/ TARGET 🎯 HIT 💸💸💸💰💰💰

Data bullish 💚 

#Nifty50 #Nifty #optionbuying #optionbuying #tradermindset #StockMarket #banknifty #Trending #BullMarket #bullishmarket https://t.co/YijnM9EgLK https://t.co/cQ240mA7FI",0,0,0,#Nifty 24450 CE 158 TO 190 RUNNING/ TARGET 🎯 HIT 💸💸💸💰💰💰 Data bullish 💚 #Nifty50 #Nifty #optionbuying #optionbuying #tradermindset #StockMarket #banknifty #Trending #BullMarket #bullishmarket,0.0
1.96e+18,13-08-2025 11:01,"#Nifty 24450 CE 158 TO 190 RUNNING/ TARGET 🎯 HIT 💸💸💸💰💰💰

Data bullish 💚 

#Nifty50 #Nifty #optionbuying #optionbuying #tradermindset #StockMarket #banknifty #Trending #BullMarket #Bullish https://t.co/8HLAE7nJJ6 https://t.co/cQ240mA7FI",0,0,0,#Nifty 24450 CE 158 TO 190 RUNNING/ TARGET 🎯 HIT 💸💸💸💰💰💰 Data bullish 💚 #Nifty50 #Nifty #optionbuying #optionbuying #tradermindset #StockMarket #banknifty #Trending #BullMarket #Bullish,0.0
1.96e+18,13-08-2025 11:00,"#Nifty 24450 CE 158 TO 190 RUNNING/ TARGET 🎯 HIT 💸💸💸💰💰💰

Data bullish 💚 

#Nifty50 #Nifty #optionbuying #optionbuying #tradermindset #StockMarket #banknifty #Trending #BullMarket #Bullish https://t.co/ZbXFIjEHDj https://t.co/cQ240mzzQa",0,0,0,#Nifty 24450 CE 158 TO 190 RUNNING/ TARGET 🎯 HIT 💸💸💸💰💰💰 Data bullish 💚 #Nifty50 #Nifty #optionbuying #optionbuying #tradermindset #StockMarket #banknifty #Trending #BullMarket #Bullish,0.0
1.96e+18,13-08-2025 11:00,"Aarti Industries Share Price Target 2025,2030,2035,2040

#TrumpTariff #TarrifsOnIndia
#incometax #ITR2025 #banknifty
#stockmarketcrash #Nifty #Nifty50  #StockMarketIndia #StockMarket  #Sensex  #stockmarketsindia #StocksToBuy #StocksInFocus #StocksToTrade
 https://t.co/tHwoMFyjqI",2,2,0,"Aarti Industries Share Price Target 2025,2030,2035,2040 #TrumpTariff #TarrifsOnIndia #incometax #ITR2025 #banknifty #stockmarketcrash #Nifty #Nifty50 #StockMarketIndia #StockMarket #Sensex #stockmarketsindia #StocksToBuy #StocksInFocus #StocksToTrade",0.296
1.96e+18,13-08-2025 11:00,"🚨 Trending Market News at 11:00 Hrs, 13-Aug-2025

#StockMarket #Nifty #Sensex #HONASA #NSLNISP #TVSMOTOR #APOLLOHOSP #JMFINANCIL #BATAINDIA #COLPAL #FORTIS #MEDPLUS #POLYMED https://t.co/0bPao5YVJh",0,0,0,"🚨 Trending Market News at 11:00 Hrs, 13-Aug-2025 #StockMarket #Nifty #Sensex #HONASA #NSLNISP #TVSMOTOR #APOLLOHOSP #JMFINANCIL #BATAINDIA #COLPAL #FORTIS #MEDPLUS #POLYMED",0.0
1.96e+18,13-08-2025 11:00,"#TRADINGVIEW 
#bullish #WolfeWave 📈 
Protect gains with TSL  after 1st tgt hit🤑🤑🤑🤑
#NIFTYBANK #BANKNIFTY — lock in profits &amp; keep scanning for the next big opportunity.  🚀 https://t.co/vUNJT8i1KV",0,0,0,#TRADINGVIEW #bullish #WolfeWave 📈 Protect gains with TSL after 1st tgt hit🤑🤑🤑🤑 #NIFTYBANK #BANKNIFTY — lock in profits &amp; keep scanning for the next big opportunity. 🚀,0.8658
1.96e+18,13-08-2025 11:00,#BAJFINANCE leads #Nifty50 components in 1-year performance. https://t.co/pubvRHkNyV https://t.co/WMuElA1xhh,0,0,0,#BAJFINANCE leads #Nifty50 components in 1-year performance.,0.0
1.96e+18,13-08-2025 11:00,"🏛️ Live Market Update at 11:00 IST

🇮🇳 Nifty: 24,586.9 ▲ +0.41%
🇮🇳 Sensex: 80,450.98 ▲ +0.26%

📈 Top Gainer: Apollo Hospital ▲ 6.24%
📉 Top Loser: Coromandel Int. ▼ -4.88%

#Nifty50 #Sensex #MarketWatch",0,0,0,"🏛️ Live Market Update at 11:00 IST 🇮🇳 Nifty: 24,586.9 ▲ +0.41% 🇮🇳 Sensex: 80,450.98 ▲ +0.26% 📈 Top Gainer: Apollo Hospital ▲ 6.24% 📉 Top Loser: Coromandel Int. ▼ -4.88% #Nifty50 #Sensex #MarketWatch",0.2263
1.96e+18,13-08-2025 11:00,"Did You Know?
The Nifty 50 isn’t static — companies are reviewed and rebalanced twice a year to keep the index relevant and reflective of market performance.

Stay tuned for more market facts &amp; insights!

#DidYouKnow #Nifty50 #StockMarketFacts #Investing #TradingTips https://t.co/1F0y9Zvips",0,0,0,Did You Know? The Nifty 50 isn’t static — companies are reviewed and rebalanced twice a year to keep the index relevant and reflective of market performance. Stay tuned for more market facts &amp; insights! #DidYouKnow #Nifty50 #StockMarketFacts #Investing #TradingTips,0.4574
1.96e+18,13-08-2025 11:00,"Top 10 Balanced Advantage Mutual Funds for 2025 ranked by   composite performance score (31-July-2025).(Click on the link to see all   funds.)
      https://t.co/v6sJJVh8AX
    #mutualfunds #MutualFundsSahiHai #NIFTYFUTURE #nifty50 #NiftyIT   #NiftyMidcap #NiftyBank #niftyOptions https://t.co/rgP6RmHkKF",0,0,0,Top 10 Balanced Advantage Mutual Funds for 2025 ranked by composite performance score (31-July-2025).(Click on the link to see all funds.) #mutualfunds #MutualFundsSahiHai #NIFTYFUTURE #nifty50 #NiftyIT #NiftyMidcap #NiftyBank #niftyOptions,0.4215
1.96e+18,13-08-2025 10:59,"#INDEX

#NIFTY 24400 CE AT 380 SL OF 299

#BANKNIFTY 55000 CE AT 730 SL OF 599

Strict SL WILL UPDATE IN CASE OF ANY CHANGES IN STRUCTURE!! IN SPOT WEEKLY LOW TO WATCH!

Revisit at closing !

#StockMarket #index #StocksToBuy",1,0,1,#INDEX #NIFTY 24400 CE AT 380 SL OF 299 #BANKNIFTY 55000 CE AT 730 SL OF 599 Strict SL WILL UPDATE IN CASE OF ANY CHANGES IN STRUCTURE!! IN SPOT WEEKLY LOW TO WATCH! Revisit at closing ! #StockMarket #index #StocksToBuy,-0.6125
1.96e+18,13-08-2025 10:59,"📊 Market Update
Nifty at 24,610.3 ▲ +122.9 pts (+0.50%) | Top gainers: ApolloHosp +5.96%, Hindalco +4.28%
Sensex at 80,526.79 ▲ +291.2 pts (+0.36%) | Top gainers: TataMotors +1.64%, BEL +1.38%
#StockMarket #Nifty #Sensex #MarketUpdates https://t.co/8im6ZMNVwj",1,0,0,"📊 Market Update Nifty at 24,610.3 ▲ +122.9 pts (+0.50%) | Top gainers: ApolloHosp +5.96%, Hindalco +4.28% Sensex at 80,526.79 ▲ +291.2 pts (+0.36%) | Top gainers: TataMotors +1.64%, BEL +1.38% #StockMarket #Nifty #Sensex #MarketUpdates",0.6486
1.96e+18,13-08-2025 10:59,"#REC
Macquarie still maintains an 'Outperform' rating with a ₹660 target, driven by rural electrification initiatives and a stable Fitch 'BBB' outlook, with revenue growth projected to exceed ₹59 billion.

#StocksToWatch #FIIs #DIIs #nifty50",0,0,0,"#REC Macquarie still maintains an 'Outperform' rating with a ₹660 target, driven by rural electrification initiatives and a stable Fitch 'BBB' outlook, with revenue growth projected to exceed ₹59 billion. #StocksToWatch #FIIs #DIIs #nifty50",0.5859
1.96e+18,13-08-2025 10:59,"#Nifty 24450 CE 158 TO 188 / 30 POINT DONE ✅ 

Data bullish 💚 

#Nifty50 #Nifty #optionbuying #optionbuying #tradermindset #StockMarket #banknifty #Trending #BullMarket #BullishTrends https://t.co/cQ240mzzQa",0,0,0,#Nifty 24450 CE 158 TO 188 / 30 POINT DONE ✅ Data bullish 💚 #Nifty50 #Nifty #optionbuying #optionbuying #tradermindset #StockMarket #banknifty #Trending #BullMarket #BullishTrends,0.0
1.96e+18,13-08-2025 10:58,"#Nifty 24450 CE 158 TO 188 / 30 POINT DONE ✅ 

Data bullish 💚 

#Nifty50 #Nifty #optionbuying #optionbuying #tradermindset #StockMarket #banknifty #Trending #BullMarket #Bullish https://t.co/uSYDpwVBRI https://t.co/cQ240mA7FI",0,0,0,#Nifty 24450 CE 158 TO 188 / 30 POINT DONE ✅ Data bullish 💚 #Nifty50 #Nifty #optionbuying #optionbuying #tradermindset #StockMarket #banknifty #Trending #BullMarket #Bullish,0.0
1.96e+18,13-08-2025 10:58,"#MFSL 1600 CE
LOOKING GOOD AT 31
CAN TOUCH 35

Note - All research only for educational purposes. It is not a buy/sell recommendation.

#Nifty #banknifty #sharemarket #StockMarket #options #OptionsTrading #Optionselling #optionsbuying",0,0,0,#MFSL 1600 CE LOOKING GOOD AT 31 CAN TOUCH 35 Note - All research only for educational purposes. It is not a buy/sell recommendation. #Nifty #banknifty #sharemarket #StockMarket #options #OptionsTrading #Optionselling #optionsbuying,0.5622
1.96e+18,13-08-2025 10:58,"ABFRL 75 CE 76 CE BUY RECOMMENDATION 
SHARE JUMP HUA 
MOGEMBO KHUSH HUA #ABFRL #ADITYABIRLA #BIRLA #RELIANCE #ADANI #TATA #TRENT #TATA #NIFTY #banknifty #NiftyBank https://t.co/N9bh8x0DC2 https://t.co/3WnrSlyjuT",0,0,0,ABFRL 75 CE 76 CE BUY RECOMMENDATION SHARE JUMP HUA MOGEMBO KHUSH HUA #ABFRL #ADITYABIRLA #BIRLA #RELIANCE #ADANI #TATA #TRENT #TATA #NIFTY #banknifty #NiftyBank,0.4466
1.96e+18,13-08-2025 10:57,"ABFRL 75 CE 76 CE BUY RECOMMENDATION 
SHARE JUMP HUA 
MOGEMBO KHUSH HUA #ABFRL #ADITYABIRLA #BIRLA #RELIANCE #ADANI #TATA #TRENT #TATA #NIFTY #banknifty #NiftyBank https://t.co/ZFDYtWBlAl https://t.co/8fFUciq7Eb",0,0,0,ABFRL 75 CE 76 CE BUY RECOMMENDATION SHARE JUMP HUA MOGEMBO KHUSH HUA #ABFRL #ADITYABIRLA #BIRLA #RELIANCE #ADANI #TATA #TRENT #TATA #NIFTY #banknifty #NiftyBank,0.4466
1.96e+18,13-08-2025 10:57,"#Nifty 24450 CE 158 TO 188 / 30 POINT DONE ✅ 

Data bullish 💚 

#Nifty50 #Nifty #optionbuying #optionbuying #tradermindset #StockMarket #banknifty #Trending #BullMarket #Bullish https://t.co/Tp7S1uLhjQ https://t.co/cQ240mA7FI",0,0,0,#Nifty 24450 CE 158 TO 188 / 30 POINT DONE ✅ Data bullish 💚 #Nifty50 #Nifty #optionbuying #optionbuying #tradermindset #StockMarket #banknifty #Trending #BullMarket #Bullish,0.0
1.96e+18,13-08-2025 10:55,"Done for the day 💚
#Nifty #Nifty50 https://t.co/dcC7HRL1oR",0,0,0,Done for the day 💚 #Nifty #Nifty50,0.0
1.96e+18,13-08-2025 10:54,"AGAIN fii near 92% short eye on this 🧐🧐🧐 

#NiftyBank #niftyfuture #banknifty #stocks #StockMarket #stockmarketsindia #OptionsTrading #optionbuying #optiontrading #Optionselling #CrudeOil #InternationalYouthDay https://t.co/fSHby0oSUT",4,3,0,AGAIN fii near 92% short eye on this 🧐🧐🧐 #NiftyBank #niftyfuture #banknifty #stocks #StockMarket #stockmarketsindia #OptionsTrading #optionbuying #optiontrading #Optionselling #CrudeOil #InternationalYouthDay,0.0
1.96e+18,13-08-2025 10:52,"A very risky trade with small Sl 
At 10.51 AM
#nifty #banknifty #sensex https://t.co/pumSazb6sF",0,0,0,A very risky trade with small Sl At 10.51 AM #nifty #banknifty #sensex,-0.2716
1.96e+18,13-08-2025 10:52,"#banknifty looks scary at this points.
If break downside then 😯 https://t.co/DvYdMCbToo https://t.co/BHkcPMgEVW",0,0,0,#banknifty looks scary at this points. If break downside then 😯,-0.6369
1.96e+18,13-08-2025 10:52,"#TRADINGVIEW
#WolfeWave 📈 Protect gains with TSL 🔒
#NIFTYBANK #BANKNIFTY — lock in profits &amp; keep scanning for the next big opportunity. 🚀 https://t.co/NidTLzK70v",0,0,1,#TRADINGVIEW #WolfeWave 📈 Protect gains with TSL 🔒 #NIFTYBANK #BANKNIFTY — lock in profits &amp; keep scanning for the next big opportunity. 🚀,0.8658
1.96e+18,13-08-2025 10:51,"Want to spot market leaders? 🚀

#InvestSmart #MarketLeaders #StockTips #Markets #IndiaGrowth #Investing #StockMarket #Finance #Banking #Defence #Insurance #Wealth #Trading #Nifty50 #NiftyBank 

Look for stocks with strong: 
- Price Momentum
- High Relative Strength vs. Peers
-",1,0,0,Want to spot market leaders? 🚀 #InvestSmart #MarketLeaders #StockTips #Markets #IndiaGrowth #Investing #StockMarket #Finance #Banking #Defence #Insurance #Wealth #Trading #Nifty50 #NiftyBank Look for stocks with strong: - Price Momentum - High Relative Strength vs. Peers -,0.7783
1.96e+18,13-08-2025 10:50,"Daily Derivative Report - 13th August, 2025 by @religareonline

https://t.co/xGXpAbNZ0w

#Sensex #MarketOutlook #Nifty #BankNifty #ReligareBrokingLtd #Investmentguruindia https://t.co/WGBEgnBryi",0,0,0,"Daily Derivative Report - 13th August, 2025 by @religareonline #Sensex #MarketOutlook #Nifty #BankNifty #ReligareBrokingLtd #Investmentguruindia",0.0
1.96e+18,13-08-2025 10:50,"Want to spot market leaders? 🚀

#InvestSmart #MarketLeaders #StockTips #Markets #IndiaGrowth #Investing #StockMarket #Finance #Banking #Defence #Insurance #Wealth #Trading #Nifty50 #NiftyBank 

Look for stocks with strong: 
- Price Momentum
- High Relative Strength vs. Peers
-",0,0,0,Want to spot market leaders? 🚀 #InvestSmart #MarketLeaders #StockTips #Markets #IndiaGrowth #Investing #StockMarket #Finance #Banking #Defence #Insurance #Wealth #Trading #Nifty50 #NiftyBank Look for stocks with strong: - Price Momentum - High Relative Strength vs. Peers -,0.7783
1.96e+18,13-08-2025 10:50,"Finally thank God at day’s low all indices #sensex 
#nifty #banknifty",0,0,0,Finally thank God at day’s low all indices #sensex #nifty #banknifty,0.3612
1.96e+18,13-08-2025 10:50,"Not seen went upto 60 seems

nifty #banknifty #sensex #bankex #optionbuying #finnifty #optiontrading https://t.co/DPDidy7667",0,0,0,Not seen went upto 60 seems nifty #banknifty #sensex #bankex #optionbuying #finnifty #optiontrading,0.4019
1.96e+18,13-08-2025 10:50,"Breaking News:

Nifty Metal not interest to fall and #banknifty not interested to rise.

So #Nifty is saying I just resting. 

Let me know the direction for movement when you guys settle with each other",0,0,0,Breaking News: Nifty Metal not interest to fall and #banknifty not interested to rise. So #Nifty is saying I just resting. Let me know the direction for movement when you guys settle with each other,-0.2589
1.96e+18,13-08-2025 10:49,"🎯Achieved  - 83 ++💥💥

🤣🤣Target aaya kya??  

Book Karlo phir.✍️✍️

Aur kripaya  Follow / RT/ Like 😍😍

Stay Tuned   🕺 

#midcp #DIIs #HDFCBank #Crudeoil #GOLD #NaturalGas #stockmarketcrash #Nifty500 #tcs #Sensex #niftyOptions #niftyit https://t.co/wx8SmrUmvd",0,0,0,🎯Achieved - 83 ++💥💥 🤣🤣Target aaya kya?? Book Karlo phir.✍️✍️ Aur kripaya Follow / RT/ Like 😍😍 Stay Tuned 🕺 #midcp #DIIs #HDFCBank #Crudeoil #GOLD #NaturalGas #stockmarketcrash #Nifty500 #tcs #Sensex #niftyOptions #niftyit,0.4329
1.96e+18,13-08-2025 10:48,FIIs still dont want to cover lol #nifty #banknifty,0,0,0,FIIs still dont want to cover lol #nifty #banknifty,0.3773
1.96e+18,13-08-2025 10:47,"VIKRAM SOLAR LIMITED IPO COMING SOON

#Markets #TradingTips #GIFTNIFTY #StocksToBuy #BREAKOUTSTOCKS #Sensex https://t.co/K4ZU4ojHAz",0,0,0,VIKRAM SOLAR LIMITED IPO COMING SOON #Markets #TradingTips #GIFTNIFTY #StocksToBuy #BREAKOUTSTOCKS #Sensex,-0.3885
1.96e+18,13-08-2025 10:47,"#Nifty #Banknifty #Niftyfuture #BankniftyFut #CnxIT 
#Niftypvtbank 
Bullish view intact on banknifty 
Sold one metal name for swing fall Irrespective of index direction

Subscribe  09916878264 https://t.co/fTkUuDRPDl",0,0,0,#Nifty #Banknifty #Niftyfuture #BankniftyFut #CnxIT #Niftypvtbank Bullish view intact on banknifty Sold one metal name for swing fall Irrespective of index direction Subscribe 09916878264,0.2023
1.96e+18,13-08-2025 10:46,"✨🚀𝐌𝐮𝐥𝐭𝐢𝐛𝐚𝐠𝐠𝐞𝐫 𝐀𝐥𝐞𝐫𝐭🚀✨

💰Multi Years price consolidation Breakout

📌Follow , Retweet &amp; Comment to get stock name in your DM  

#TataMotors #NSDL #Breakout #GOLD #stockmarkets #zerodha #Adani #StocksToBuy #stockstowatch #IPOAlert #nifty50 #StockMarketindia https://t.co/Q6gGPTtYRf",7,4,2,"✨🚀𝐌𝐮𝐥𝐭𝐢𝐛𝐚𝐠𝐠𝐞𝐫 𝐀𝐥𝐞𝐫𝐭🚀✨ 💰Multi Years price consolidation Breakout 📌Follow , Retweet &amp; Comment to get stock name in your DM #TataMotors #NSDL #Breakout #GOLD #stockmarkets #zerodha #Adani #StocksToBuy #stockstowatch #IPOAlert #nifty50 #StockMarketindia",0.0
1.96e+18,13-08-2025 10:46,"https://t.co/7nVXjNWYup

Today F&amp;O stocks Q1👇

#Nifty50 #Q1FY26 #stockmarket #Bpcl",0,0,0,Today F&amp;O stocks Q1👇 #Nifty50 #Q1FY26 #stockmarket #Bpcl,0.0
1.96e+18,13-08-2025 10:46,"Tracking Smart Money Positions in #Nifty 1DTE, #sensex, #banknifty  , #midcapnifty #stockoptions and Scanning the Top 120 stocks for Smart Money Activity in Cash Segment
Live now: https://t.co/pEprAVhp6R https://t.co/dVRDJjfwzp",0,0,0,"Tracking Smart Money Positions in #Nifty 1DTE, #sensex, #banknifty , #midcapnifty #stockoptions and Scanning the Top 120 stocks for Smart Money Activity in Cash Segment Live now:",0.7351
1.96e+18,13-08-2025 10:46,"Nifty immediate support is at 24350 then 24250 zones while resistance at 24700 then 24800 zones - Motilal Oswal Wealth Management

https://t.co/GdUafAbWG7

#Sensex #MarketOutlook #Nifty #BankNifty @MotilalOswalPW #Investmentguruindia https://t.co/M0PhkFkxrV",0,0,0,Nifty immediate support is at 24350 then 24250 zones while resistance at 24700 then 24800 zones - Motilal Oswal Wealth Management #Sensex #MarketOutlook #Nifty #BankNifty @MotilalOswalPW #Investmentguruindia,0.8225
1.96e+18,13-08-2025 10:45,"Morning Stock Market Update!
Stay ahead of the market with key trends and stock movements. Know what’s driving the market before you invest! 

#StockMarket #MarketNews #InvestWisely #Sensex #Nifty #Trading #Finance #StockUpdates #MorningMarket #StockTips #ShareMarket https://t.co/79QMAkh43J",0,0,0,Morning Stock Market Update! Stay ahead of the market with key trends and stock movements. Know what’s driving the market before you invest! #StockMarket #MarketNews #InvestWisely #Sensex #Nifty #Trading #Finance #StockUpdates #MorningMarket #StockTips #ShareMarket,0.0
1.96e+18,13-08-2025 10:45,"#Wockhardt  
Postive 🟢🟢 🟢  Company from PHARMA COMPANY- Not expect much impact due to Tarrif 🔥🔥

#Nifty #niftyfuture #Nifty50 #Defensa #Pharmaceutical #USTariffs #Watchlist https://t.co/IiP7w1Iutt",0,0,0,#Wockhardt Postive 🟢🟢 🟢 Company from PHARMA COMPANY- Not expect much impact due to Tarrif 🔥🔥 #Nifty #niftyfuture #Nifty50 #Defensa #Pharmaceutical #USTariffs #Watchlist,0.0
1.96e+18,13-08-2025 10:45,"Market Secrets - Option Analytics for BankNifty - OI Change vs Strike Price Chart - Resistance: 55200, Support: 55200, For LIVE feeds, subscribe to OptionAnalytics from our website https://t.co/qgq4vZaCJL #Nifty, #BankNifty, #OptionTrading, #MaxPain, #PCR https://t.co/wh5NFPzN9E",0,0,0,"Market Secrets - Option Analytics for BankNifty - OI Change vs Strike Price Chart - Resistance: 55200, Support: 55200, For LIVE feeds, subscribe to OptionAnalytics from our website #Nifty, #BankNifty, #OptionTrading, #MaxPain, #PCR",0.296
1.96e+18,13-08-2025 10:45,"GEM AROMATICS LIMITED IPO COMING SOON

#Markets #TradingTips #GIFTNIFTY #StocksToBuy #BREAKOUTSTOCKS #Sensex https://t.co/VgVxsslMCu",0,0,0,GEM AROMATICS LIMITED IPO COMING SOON #Markets #TradingTips #GIFTNIFTY #StocksToBuy #BREAKOUTSTOCKS #Sensex,-0.3885
1.96e+18,13-08-2025 10:45,"Market Secrets - Option Analytics for Nifty - OI Change vs Strike Price Chart - Resistance: 24600, Support: 24600, For LIVE feeds, subscribe to OptionAnalytics from our website https://t.co/qgq4vZaCJL #Nifty, #BankNifty, #OptionTrading, #MaxPain, #PCR https://t.co/rkxwug2COi",0,0,0,"Market Secrets - Option Analytics for Nifty - OI Change vs Strike Price Chart - Resistance: 24600, Support: 24600, For LIVE feeds, subscribe to OptionAnalytics from our website #Nifty, #BankNifty, #OptionTrading, #MaxPain, #PCR",0.5994
1.96e+18,13-08-2025 10:44,"Weekly Expiry Waiting for tomorrow #Nifty 

Today looks like Range bound market.

#banknifty not looking good on chart.",0,0,0,Weekly Expiry Waiting for tomorrow #Nifty Today looks like Range bound market. #banknifty not looking good on chart.,0.0243
1.96e+18,13-08-2025 10:44,"Will #ICICIBANK hold 1400 level or going to break.. Whats ur take?

#priceaction #nifty #banknifty #sensex",0,0,0,Will #ICICIBANK hold 1400 level or going to break.. Whats ur take? #priceaction #nifty #banknifty #sensex,0.0
1.96e+18,13-08-2025 10:43,"The 30-share BSE Sensex climbed 327.79 points to 80,563.38 in early trade. The 50-share NSE Nifty edged up by 112.15 points to 24,599.55.
#sensex #Nifty #BSE #NSE",0,0,0,"The 30-share BSE Sensex climbed 327.79 points to 80,563.38 in early trade. The 50-share NSE Nifty edged up by 112.15 points to 24,599.55. #sensex #Nifty #BSE #NSE",0.4019
1.96e+18,13-08-2025 10:43,"🚨🚨
#Grasim 2800 Puts ✍️✍️  

71++ So far from 60..🔥🔥

Not a Buy / Sell recommendation.    
 #niftyOptions #Caplinpoint #Nifty #banknifty #midcp #Fii #DIIs #RelianceIndustries #HDFCBank #Crudeoil #GOLD #NaturalGas #stockmarketcrash #Nifty50 #sensex",0,0,0,🚨🚨 #Grasim 2800 Puts ✍️✍️ 71++ So far from 60..🔥🔥 Not a Buy / Sell recommendation. #niftyOptions #Caplinpoint #Nifty #banknifty #midcp #Fii #DIIs #RelianceIndustries #HDFCBank #Crudeoil #GOLD #NaturalGas #stockmarketcrash #Nifty50 #sensex,0.0
1.96e+18,13-08-2025 10:43,Retweet and help traders .. #nifty #optionbuying #banknifty #StockMarketIndia #DayTrader #forextrading #Trading #ipoallotment #StockToWatch #Tatamotors #TCS #Persistent https://t.co/X4EXM6tftQ,1,0,0,Retweet and help traders .. #nifty #optionbuying #banknifty #StockMarketIndia #DayTrader #forextrading #Trading #ipoallotment #StockToWatch #Tatamotors #TCS #Persistent,0.4019
1.96e+18,13-08-2025 10:43,"Shakti Pumps bags ₹1,037 Cr order for 34,720 off-grid solar pumps from MSEDCL 

Strengthening presence across key states &amp; boosting clean energy adoption. 🌞💧 

#SolarEnergy #CleanTech #RenewableEnergy #ShaktiPumps #Sustainability #stocks #Nifty #nifty50 https://t.co/AweSYZ1VXJ",0,0,1,"Shakti Pumps bags ₹1,037 Cr order for 34,720 off-grid solar pumps from MSEDCL Strengthening presence across key states &amp; boosting clean energy adoption. 🌞💧 #SolarEnergy #CleanTech #RenewableEnergy #ShaktiPumps #Sustainability #stocks #Nifty #nifty50",0.8555
1.96e+18,13-08-2025 10:42,"Bank nifty testing my patience now......
#nseindia #bse #nifty50",0,0,0,Bank nifty testing my patience now...... #nseindia #bse #nifty50,0.4019
1.96e+18,13-08-2025 10:41,"The Bank Nifty closed the day on a negative note, settling at 55,043 down 0.84% -@ICICI_Direct

https://t.co/tvv2YWuwKw

#Sensex #MarketOutlook #Nifty #BankNifty #ICICIDirect #Investmentguruindia https://t.co/6hjWk5KERL",0,0,0,"The Bank Nifty closed the day on a negative note, settling at 55,043 down 0.84% -@ICICI_Direct #Sensex #MarketOutlook #Nifty #BankNifty #ICICIDirect #Investmentguruindia",-0.25
1.96e+18,13-08-2025 10:40,"Nifty failed to build on Monday`s gains and ended nearly half a percent lower amid volatility - @religareonline

https://t.co/RhQxGna34E

#Sensex #MarketOutlook #Nifty #BankNifty #ReligareBrokingLtd #Investmentguruindia https://t.co/YFodR146dD",0,0,0,Nifty failed to build on Monday`s gains and ended nearly half a percent lower amid volatility - @religareonline #Sensex #MarketOutlook #Nifty #BankNifty #ReligareBrokingLtd #Investmentguruindia,-0.1027
1.96e+18,13-08-2025 10:40,"🏛️ Live Market Update at 10:40 IST

🇮🇳 Nifty: 24,574.65 ▲ +0.36%
🇮🇳 Sensex: 80,417.92 ▲ +0.22%

📈 Top Gainer: Apollo Hospital ▲ 6.38%
📉 Top Loser: Coromandel Int. ▼ -4.89%

#Nifty50 #Sensex #MarketWatch",0,0,0,"🏛️ Live Market Update at 10:40 IST 🇮🇳 Nifty: 24,574.65 ▲ +0.36% 🇮🇳 Sensex: 80,417.92 ▲ +0.22% 📈 Top Gainer: Apollo Hospital ▲ 6.38% 📉 Top Loser: Coromandel Int. ▼ -4.89% #Nifty50 #Sensex #MarketWatch",0.2263
1.96e+18,13-08-2025 10:40,"similarly Avoid longing #BANKNIFTY or Large Private Banks, they are quite weak https://t.co/1jCATHBKEl",2,0,0,"similarly Avoid longing #BANKNIFTY or Large Private Banks, they are quite weak",-0.6697
1.96e+18,13-08-2025 10:39,"#TRADINGVIEW #INTRADAY #OptionTrading #optionbuying #banknifty 
Near 1st target 🎯 — either book partial profits or keep raising TSL.
Protect gains, let the winners run. 📈 https://t.co/uHY5alJ3mZ",0,0,0,"#TRADINGVIEW #INTRADAY #OptionTrading #optionbuying #banknifty Near 1st target 🎯 — either book partial profits or keep raising TSL. Protect gains, let the winners run. 📈",0.875
1.96e+18,13-08-2025 10:38,"🚨🚨

#Nifty possible 24523 …???

Not a Buy / Sell recommendation.    
 #niftyOptions #Caplinpoint #Nifty #banknifty #midcp #Fii #DIIs #RelianceIndustries #HDFCBank #Crudeoil #GOLD #NaturalGas #stockmarketcrash #Nifty50 #sensex",0,0,0,🚨🚨 #Nifty possible 24523 …??? Not a Buy / Sell recommendation. #niftyOptions #Caplinpoint #Nifty #banknifty #midcp #Fii #DIIs #RelianceIndustries #HDFCBank #Crudeoil #GOLD #NaturalGas #stockmarketcrash #Nifty50 #sensex,0.0
1.96e+18,13-08-2025 10:37,"#Sectors

Mostly in +ve side!

Do your research/OR work with us!

#RKSM(c)

#TrumpTariffsindia #Nifty #Nifty50 #banknifty #Dow #SP500 #Nasdaq #Currencies #Crypto #Commodities #gold #Oil #BTC #StockMarket #marketinsights #trendtracker https://t.co/gODxJj0HUO",2,0,0,#Sectors Mostly in +ve side! Do your research/OR work with us! #RKSM(c) #TrumpTariffsindia #Nifty #Nifty50 #banknifty #Dow #SP500 #Nasdaq #Currencies #Crypto #Commodities #gold #Oil #BTC #StockMarket #marketinsights #trendtracker,0.0
1.96e+18,13-08-2025 10:36,#indigo can you take-off this time? #Nifty #Sensex #NSE #BSE #SwingTrading https://t.co/62md1lMFNh,0,0,0,#indigo can you take-off this time? #Nifty #Sensex #NSE #BSE #SwingTrading,0.0
1.96e+18,13-08-2025 10:36,"Buy #Nifty 24500 CE only above 141...
CMP 139..
For target 175.

#NiftyBank #OptionsTrading #Nifty50 #StockMarketIndia",1,1,2,Buy #Nifty 24500 CE only above 141... CMP 139.. For target 175. #NiftyBank #OptionsTrading #Nifty50 #StockMarketIndia,0.0
1.96e+18,13-08-2025 10:36,"#MarketUpdate                   

For more #Updates visit https://t.co/5ErPu4pSu6 
And""follow"" @Mysoctr

#MarketTrends #StockMarkets #Nifty #BankNifty #FinNifty #NiftyMidcap #NiftySmallCap #Investing #BreakoutStocks #StocksInFocus #StocksToWatch #StocksToBuy #StocksToTrade https://t.co/Ims1O5mXmu",0,0,0,"#MarketUpdate For more #Updates visit And""follow"" @Mysoctr #MarketTrends #StockMarkets #Nifty #BankNifty #FinNifty #NiftyMidcap #NiftySmallCap #Investing #BreakoutStocks #StocksInFocus #StocksToWatch #StocksToBuy #StocksToTrade",0.0
1.96e+18,13-08-2025 10:35,"alert: Subdued financial performance
sentiment: 🔴 Negative
company: Oil India Ltd
Oil India profit flat in Q1
#stockmarket #nifty50",0,0,0,alert: Subdued financial performance sentiment: 🔴 Negative company: Oil India Ltd Oil India profit flat in Q1 #stockmarket #nifty50,0.1027
1.96e+18,13-08-2025 10:35,"alert: New investment or funding received
sentiment: 🟢 Positive
company: Apollo Hospitals
India's Apollo Hospitals to double AI investments, beats profit estimate
#stockmarket #nifty50",0,0,0,"alert: New investment or funding received sentiment: 🟢 Positive company: Apollo Hospitals India's Apollo Hospitals to double AI investments, beats profit estimate #stockmarket #nifty50",0.8271
1.96e+18,13-08-2025 10:34,"alert: New strategic partnership
sentiment: 🟢 Positive
company: Apollo Tyres Ltd
Apollo Tyres to set up winter testing facility in Finland 
#stockmarket #nifty50",0,0,0,alert: New strategic partnership sentiment: 🟢 Positive company: Apollo Tyres Ltd Apollo Tyres to set up winter testing facility in Finland #stockmarket #nifty50,0.7003
1.96e+18,13-08-2025 10:34,"Buy #Nifty 24500 only above 141...
CMP 139..
For target 175.

#NiftyBank #OptionsTrading #Nifty50 #StockMarketIndia",0,0,0,Buy #Nifty 24500 only above 141... CMP 139.. For target 175. #NiftyBank #OptionsTrading #Nifty50 #StockMarketIndia,0.0
1.96e+18,13-08-2025 10:34,"💹Stocks To Watch  👇

                       #RPOWER 
             So what to do next?
                     🔴BUY OR SELL🟢
             
( Any Questioning DM Me -9119510004 )

 #BreakoutStock #stocks #StockToWatch  #Nifty #banknifty #Trending #INDIA #Nifty50 https://t.co/fjI9i5OPvt",0,0,0,💹Stocks To Watch 👇 #RPOWER So what to do next? 🔴BUY OR SELL🟢 ( Any Questioning DM Me -9119510004 ) #BreakoutStock #stocks #StockToWatch #Nifty #banknifty #Trending #INDIA #Nifty50,-0.1027
1.96e+18,13-08-2025 10:34,"#Nifty50HeatMap

For latest #Charts and #Updates visit https://t.co/5ErPu4pSu6 and Follow @MySoctr

#Nifty #Nifty50 #investing #breakoutstocks #StockslnFocus #StocksToWatch #stocks #StocksToBuy #StocksToTrade #breakoutstock #stockmarketindia #StockMarket #trading #StockMarkets https://t.co/sDsLNGlYMj",0,0,0,#Nifty50HeatMap For latest #Charts and #Updates visit and Follow @MySoctr #Nifty #Nifty50 #investing #breakoutstocks #StockslnFocus #StocksToWatch #stocks #StocksToBuy #StocksToTrade #breakoutstock #stockmarketindia #StockMarket #trading #StockMarkets,0.0
1.96e+18,13-08-2025 10:33,"Join Here 
https://t.co/G253TGlwpf

#nifty #sensex #banknifty https://t.co/Dw3f8Qfq6m",1,0,0,Join Here #nifty #sensex #banknifty,0.296
1.96e+18,13-08-2025 10:33,"Nifty August Futures 30 Mins Charts shared in our telegram channel:

https://t.co/lgX8uzNScT

#nifty #niftyfuture #niftyfutures #niftyoption #niftyoptions #niftybank #banknifty #bankniftyfutures #bankniftyoption #bankniftyoptions #nse #bse",0,1,0,Nifty August Futures 30 Mins Charts shared in our telegram channel: #nifty #niftyfuture #niftyfutures #niftyoption #niftyoptions #niftybank #banknifty #bankniftyfutures #bankniftyoption #bankniftyoptions #nse #bse,0.6249
1.96e+18,13-08-2025 10:32,"🎯  BOOM PAISA WASUL 🎯

Buy #Nifty 24500 CE
88 to 94

Sl 50
High 161 🤣

book profit 130/140 enjoy
G pay 9722265854
Whtsapp 9173426857

#Nifty #niftyOptions #nifty50
#Optiontrading #optionbuying 
#Niftybank #sensex #trading #stockmarket #Options #banknifty https://t.co/3bGH8BDJ0O https://t.co/A0mM0gWKA0",0,0,0,🎯 BOOM PAISA WASUL 🎯 Buy #Nifty 24500 CE 88 to 94 Sl 50 High 161 🤣 book profit 130/140 enjoy G pay 9722265854 Whtsapp 9173426857 #Nifty #niftyOptions #nifty50 #Optiontrading #optionbuying #Niftybank #sensex #trading #stockmarket #Options #banknifty,0.6908
1.96e+18,13-08-2025 10:32,"👉👉#NIFTY 24650 PE BUY CMP 85

✔️✔️WE CAN SEE 150__180

#EXPIRY #NIFTY #OptionsTrading #optionbuying #sensex https://t.co/GyT2KtRuiv",2,1,0,👉👉#NIFTY 24650 PE BUY CMP 85 ✔️✔️WE CAN SEE 150__180 #EXPIRY #NIFTY #OptionsTrading #optionbuying #sensex,0.0
1.96e+18,13-08-2025 10:32,"Stocks in News &amp; Key Economic Updates 13th Aug 2025 by @gepl_capital

https://t.co/TbILMUCd2C

#GEPLCapitalLtd #Sensex #MarketOutlook #Nifty #BankNifty #Investmentguruindia https://t.co/6SWe73N5QY",0,0,0,Stocks in News &amp; Key Economic Updates 13th Aug 2025 by @gepl_capital #GEPLCapitalLtd #Sensex #MarketOutlook #Nifty #BankNifty #Investmentguruindia,0.0
1.96e+18,13-08-2025 10:31,"#BAJFINANCE 900 PE 32 TO 50 BOTH TARGETS DONE 

#BAJAJFINANCE #bajajfinsv #APOLLOHOSP #NIFTY50 https://t.co/ju6XuxT2Tx https://t.co/kGyTNUAsNa",2,1,0,#BAJFINANCE 900 PE 32 TO 50 BOTH TARGETS DONE #BAJAJFINANCE #bajajfinsv #APOLLOHOSP #NIFTY50,0.0
1.96e+18,13-08-2025 10:30,"#Nifty50 is just forming a good base, news flow will be adding fuel . Even small cap forming a good base . apna time aane wala hain https://t.co/hJrd0L7eoQ",1,0,0,"#Nifty50 is just forming a good base, news flow will be adding fuel . Even small cap forming a good base . apna time aane wala hain",0.7003
1.96e+18,13-08-2025 10:30,"Market seems eager to climb, but remember — if you skip booking small profits, it has a way of teaching painful lessons.
Greed is the fastest way to turn gains into losses.

#StockMarketIndia #TradingTips #Nifty #Sensex #FNO #MarketWisdom #niftyOptions #niftycrash #NiftyIT",0,0,0,"Market seems eager to climb, but remember — if you skip booking small profits, it has a way of teaching painful lessons. Greed is the fastest way to turn gains into losses. #StockMarketIndia #TradingTips #Nifty #Sensex #FNO #MarketWisdom #niftyOptions #niftycrash #NiftyIT",-0.5023
1.96e+18,13-08-2025 10:30,"Daily Dossier August 13, 2025 - https://t.co/qUnHxoq0sX

#ICRAAnalytics #MarketwithIAL #equitymarkets #dailyupdates #mutualfunds #stockmarket #nifty50 #MFI360Explorer https://t.co/WEww3hfR3j",0,0,0,"Daily Dossier August 13, 2025 - #ICRAAnalytics #MarketwithIAL #equitymarkets #dailyupdates #mutualfunds #stockmarket #nifty50 #MFI360Explorer",0.0
1.96e+18,13-08-2025 10:30,"Bullish momentum returns to Dalal Street! 📈🐂
#sensex #stockmarket #dalalstreet #marketnews #itstocks #uscpidata #inflation #investors #hargharfinance #ghargharfinance https://t.co/0JkVu4qudk",1,0,0,Bullish momentum returns to Dalal Street! 📈🐂 #sensex #stockmarket #dalalstreet #marketnews #itstocks #uscpidata #inflation #investors #hargharfinance #ghargharfinance,0.0
1.96e+18,13-08-2025 10:30,"Looks like the last leg of the bear today..Kal se waapis bull aa sakta
#StockMarket #stockmarketsindia #StockMarketUpdate #Nifty50 #banknifty",1,0,0,Looks like the last leg of the bear today..Kal se waapis bull aa sakta #StockMarket #stockmarketsindia #StockMarketUpdate #Nifty50 #banknifty,0.3612
1.96e+18,13-08-2025 10:30,"Want instant improvement? 
Automate &amp; Set a portfolio stop loss and you will be forced to actually respect it.

#AlgoTrading #OptionsTrading #FyersAPI #PythonTrading #IndexOptions #StockMarketIndia #Nifty50 #AlgoTrading #SystemTrading",1,0,0,Want instant improvement? Automate &amp; Set a portfolio stop loss and you will be forced to actually respect it. #AlgoTrading #OptionsTrading #FyersAPI #PythonTrading #IndexOptions #StockMarketIndia #Nifty50 #AlgoTrading #SystemTrading,-0.0258
1.96e+18,13-08-2025 10:30,"5Y Return of ELSS (Tax Saving) Mutual Funds (12-Aug-2025).
      https://t.co/uPvH03Tbou
    #mutualfunds #MutualFundsSahiHai #NIFTYFUTURE #nifty50 #NiftyIT   #NiftyMidcap #NiftyBank #niftyOptions #sensex #India #FIIs #DIIs #elssfund https://t.co/Q97h4d0Mly",0,0,0,5Y Return of ELSS (Tax Saving) Mutual Funds (12-Aug-2025). #mutualfunds #MutualFundsSahiHai #NIFTYFUTURE #nifty50 #NiftyIT #NiftyMidcap #NiftyBank #niftyOptions #sensex #India #FIIs #DIIs #elssfund,0.0
1.96e+18,13-08-2025 10:29,"This should never form after sell entry Morning star.
I will Exit the trade when this forms just at entry.
#nifty #banknifty #sensex https://t.co/z3M0WEJeyB",0,0,0,This should never form after sell entry Morning star. I will Exit the trade when this forms just at entry. #nifty #banknifty #sensex,0.0
1.96e+18,13-08-2025 10:29,"Nifty recovered from 24340 support, closed above 24585 but failed to hold - @TradebullsLtd

https://t.co/l9uWSdsjEf

#Sensex #MarketOutlook #Nifty #BankNifty #TradebullsSecuritiesPvtLtd #Investmentguruindia https://t.co/K2iHgw7KAY",0,0,0,"Nifty recovered from 24340 support, closed above 24585 but failed to hold - @TradebullsLtd #Sensex #MarketOutlook #Nifty #BankNifty #TradebullsSecuritiesPvtLtd #Investmentguruindia",-0.4118
1.96e+18,13-08-2025 10:28,"This should never form after sell entry Morning star.
I will Exit the trade when this forms just at entry.
#nifty #banknifty #sensex https://t.co/26TMqi8Rr8",0,0,0,This should never form after sell entry Morning star. I will Exit the trade when this forms just at entry. #nifty #banknifty #sensex,0.0
1.96e+18,13-08-2025 10:28,"🚨According to the World Health Organization (WHO), tobacco use kills 8 million people worldwide every year 

— yet these kids’ parents are still sleeping.

#WakeUpParents #TobaccoKills #ProtectOurChildren  #SayNoToTobacco #WHO #JayaBachchan  #Sensex #YouthDay #AIart https://t.co/v9JCQuFyJr",3,1,0,"🚨According to the World Health Organization (WHO), tobacco use kills 8 million people worldwide every year — yet these kids’ parents are still sleeping. #WakeUpParents #TobaccoKills #ProtectOurChildren #SayNoToTobacco #WHO #JayaBachchan #Sensex #YouthDay #AIart",-0.5423
1.96e+18,13-08-2025 10:28,"Nifty opened on a flat note but selling led the index downwards to end in red - @jainambroking

https://t.co/RidJl9oDHq

#Sensex #MarketOutlook #Nifty #BankNifty #JainamShareConsultants #Investmentguruindia https://t.co/Ie2lUo78qq",0,0,0,Nifty opened on a flat note but selling led the index downwards to end in red - @jainambroking #Sensex #MarketOutlook #Nifty #BankNifty #JainamShareConsultants #Investmentguruindia,0.2144
1.96e+18,13-08-2025 10:27,buy Nestle huge short covering will cross 1150 1200 soon. buy 1100 call at 13 target 40 plus #nestle #nifty #bse #banknifty #StockMarket #chart #StockInFocus #updates #swingtrade #nestleind #FNO #BreakdownStocks #BREAKOUTSTOCKS #NestleIndia,0,0,0,buy Nestle huge short covering will cross 1150 1200 soon. buy 1100 call at 13 target 40 plus #nestle #nifty #bse #banknifty #StockMarket #chart #StockInFocus #updates #swingtrade #nestleind #FNO #BreakdownStocks #BREAKOUTSTOCKS #NestleIndia,0.3182
1.96e+18,13-08-2025 10:26,"#Nifty #nifty50 #NiftyBank #banknifty #INTRADAY #intradaytrading #StockMarket
#StockToWatch #StocksInFocu
Listed only NSE...SO NOBODY SEEN PRICE MOVEMENT...SEBI
MUST LOOK THIS TYPE OF CHOR
COMPANY https://t.co/kx1AFEHsI1",0,0,0,#Nifty #nifty50 #NiftyBank #banknifty #INTRADAY #intradaytrading #StockMarket #StockToWatch #StocksInFocu Listed only NSE...SO NOBODY SEEN PRICE MOVEMENT...SEBI MUST LOOK THIS TYPE OF CHOR COMPANY,0.0
1.96e+18,13-08-2025 10:24,"Chart Analysis of M&amp;M Ltd📊📈
M&amp;m facing big resistance at 3280-3295 since 1 year
Waiting for a Big Breakout in M&amp;m
The same  Rsi also facing resistance needs to break resistance so the price will break 3295
Volume Accumulation Going on

#M_M #StockMarket #nifty50 #expiry #sensex https://t.co/fO3O13GHdC",1,0,0,Chart Analysis of M&amp;M Ltd📊📈 M&amp;m facing big resistance at 3280-3295 since 1 year Waiting for a Big Breakout in M&amp;m The same Rsi also facing resistance needs to break resistance so the price will break 3295 Volume Accumulation Going on #M_M #StockMarket #nifty50 #expiry #sensex,0.0
1.96e+18,13-08-2025 10:24,"#HAL looking good for short at 4530 
Sl 4580
#GIFTNIFTY #banknifty #stocktobuy #Markets #BREAKOUTSTOCKS #StockMarket #stockmarketsindia #TradingTips #niftyOptions https://t.co/a2auFx7TiK",0,0,0,#HAL looking good for short at 4530 Sl 4580 #GIFTNIFTY #banknifty #stocktobuy #Markets #BREAKOUTSTOCKS #StockMarket #stockmarketsindia #TradingTips #niftyOptions,0.4404
1.96e+18,13-08-2025 10:23,"The Indian benchmark equity indices Sensex and Nifty rebound in the early trade on August 13, 2025.

The #BSE #Sensex soared 223.15 points, or 0.28 percent, to 80,458.74, while the #NSE #Nifty advanced 97.95 points, or 0.40 percent, to 24,585.35.

In #Asian markets, Singapore, https://t.co/r9KUob4TEO",0,0,0,"The Indian benchmark equity indices Sensex and Nifty rebound in the early trade on August 13, 2025. The #BSE #Sensex soared 223.15 points, or 0.28 percent, to 80,458.74, while the #NSE #Nifty advanced 97.95 points, or 0.40 percent, to 24,585.35. In #Asian markets, Singapore,",0.5719
1.96e+18,13-08-2025 10:23,@AniruddhaDhara6 buy Nestle huge short covering will cross 1150 1200 soon. buy 1100 call at 13 target 40 plus #nestle #nifty #bse #banknifty,0,0,0,@AniruddhaDhara6 buy Nestle huge short covering will cross 1150 1200 soon. buy 1100 call at 13 target 40 plus #nestle #nifty #bse #banknifty,0.3182
1.96e+18,13-08-2025 10:23,@navis_academy buy Nestle huge short covering will cross 1150 1200 soon. buy 1100 call at 13 target 40 plus #nestle #nifty #bse #banknifty,0,0,0,@navis_academy buy Nestle huge short covering will cross 1150 1200 soon. buy 1100 call at 13 target 40 plus #nestle #nifty #bse #banknifty,0.3182
1.96e+18,13-08-2025 10:23,"Hindalco 690CE
From: 12 to 23.45(Done)
Capital Used - 1 Lac
Profit - 1 Lac
ROI - 100%
In One Call👇🏻

Join Our Public Channel :
https://t.co/G253TGlwpf

#nifty #sensex #banknifty #StocksToWatch #zerodha #StockMarketIndia #FIIs #Nifty50 #StocksToBuy #optionbuying #StockInFocus",1,0,0,Hindalco 690CE From: 12 to 23.45(Done) Capital Used - 1 Lac Profit - 1 Lac ROI - 100% In One Call👇🏻 Join Our Public Channel : #nifty #sensex #banknifty #StocksToWatch #zerodha #StockMarketIndia #FIIs #Nifty50 #StocksToBuy #optionbuying #StockInFocus,0.6249
1.96e+18,13-08-2025 10:23,"#Nifty50 spot made exact high as of now. 24,615 &amp; reverse. 24,520 is the level to watch. Below this level if sustain. Then yesterday's low can be seen. Below yesterday's low levels r already mentioned. This is just my view. Not a trading or investment advise. https://t.co/lXMHT37m5L",0,0,0,"#Nifty50 spot made exact high as of now. 24,615 &amp; reverse. 24,520 is the level to watch. Below this level if sustain. Then yesterday's low can be seen. Below yesterday's low levels r already mentioned. This is just my view. Not a trading or investment advise.",-0.4939
1.96e+18,13-08-2025 10:22,"Market Update – August 13, 2025

Note- This is a market update for informational purposes only, not investment advice.

#StockMarket #ipoallotment #StockMarket #defence  #FIIs #FIIDII  #StocksToWatch #stock #economy #StockMarket #StocksToWatch #StocksToBuy #Sensex https://t.co/qdJeqrU8VL",0,0,0,"Market Update – August 13, 2025 Note- This is a market update for informational purposes only, not investment advice. #StockMarket #ipoallotment #StockMarket #defence #FIIs #FIIDII #StocksToWatch #stock #economy #StockMarket #StocksToWatch #StocksToBuy #Sensex",0.0
1.96e+18,13-08-2025 10:22,@Trad_With_Rudra buy Nestle huge short covering will cross 1150 1200 soon. buy 1100 call at 13 target 40 plus #nestle #nifty #bse #banknifty,0,0,0,@Trad_With_Rudra buy Nestle huge short covering will cross 1150 1200 soon. buy 1100 call at 13 target 40 plus #nestle #nifty #bse #banknifty,0.3182
1.96e+18,13-08-2025 10:22,"HDFC Bank fell from 1977 to 1970. Good gains in puts .
#nifty #nifty50 #hdfcbank #indianstockmarket #Retailtraders",0,0,0,HDFC Bank fell from 1977 to 1970. Good gains in puts . #nifty #nifty50 #hdfcbank #indianstockmarket #Retailtraders,0.6486
1.96e+18,13-08-2025 10:22,I want to improve trading easily .. #nifty #optionbuying #banknifty #StockMarketIndia #DayTrader #forextrading #Trading #ipoallotment  #JENO https://t.co/HCuQeLjW7u,0,0,0,I want to improve trading easily .. #nifty #optionbuying #banknifty #StockMarketIndia #DayTrader #forextrading #Trading #ipoallotment #JENO,0.6808
1.96e+18,13-08-2025 10:21,"Nifty at 10.20 AM
#nifty #banknifty #sensex https://t.co/dqzpvfUIu9",0,0,0,Nifty at 10.20 AM #nifty #banknifty #sensex,0.4019
1.96e+18,13-08-2025 10:20,"Quote on Morning Market Views 13th Aug 2025 by Dr. VK Vijayakumar, Chief Investment Strategist, @Geojit_official

https://t.co/puxUrPio9a

#Sensex #ExpertViews #MarketOutlook #Nifty #BankNifty #DrVKVijayakumar #GeojitInvestmentsLtd #Investmentguruindia https://t.co/w2TIqwqZUj",0,0,0,"Quote on Morning Market Views 13th Aug 2025 by Dr. VK Vijayakumar, Chief Investment Strategist, @Geojit_official #Sensex #ExpertViews #MarketOutlook #Nifty #BankNifty #DrVKVijayakumar #GeojitInvestmentsLtd #Investmentguruindia",0.0
1.96e+18,13-08-2025 10:20,"GNG Electronics made a strong market debut with a  listing gain&amp; steady profit. Today, the stock traded around 321-328 with high volume. holding for the long term, with a stop-loss at ₹280. Target price near ₹360 expected. #StockUpdate @MoneyMystery #MarketAnalysis #nifty50",0,0,0,"GNG Electronics made a strong market debut with a listing gain&amp; steady profit. Today, the stock traded around 321-328 with high volume. holding for the long term, with a stop-loss at ₹280. Target price near ₹360 expected. #StockUpdate @MoneyMystery #MarketAnalysis #nifty50",0.7351
1.96e+18,13-08-2025 10:20,"Market Update – Aug 13

Nifty -0.4% @ 24,487, Bank Nifty -0.8%, Sensex +0.1%.
Retail inflation at 8-yr low (1.55%) but caution on trade &amp; tariffs; manufacturing may face volatility.

🔍 Read More: https://t.co/78OJl3Skwh

#Nifty50 #Sensex #BankNifty #MarketUpdate #AlphaMarket https://t.co/Tmx1t8lanS",1,1,0,"Market Update – Aug 13 Nifty -0.4% @ 24,487, Bank Nifty -0.8%, Sensex +0.1%. Retail inflation at 8-yr low (1.55%) but caution on trade &amp; tariffs; manufacturing may face volatility. 🔍 Read More: #Nifty50 #Sensex #BankNifty #MarketUpdate #AlphaMarket",0.2846
1.96e+18,13-08-2025 10:20,"Should have taken 24600 put

nifty #banknifty #sensex #bankex #optionbuying #finnifty #optiontrading https://t.co/DPDidy7667",0,0,0,Should have taken 24600 put nifty #banknifty #sensex #bankex #optionbuying #finnifty #optiontrading,0.4019
1.96e+18,13-08-2025 10:20,"Stock markets climb in early trade as steady US inflation data fuel global rally
https://t.co/ikxGvqr24i

#ShareMarket #Sensex #Nifty #Inflation #HCLTech #TataMotors #BEL #Maruti #Reliance https://t.co/8n2jYSlgli",0,0,0,Stock markets climb in early trade as steady US inflation data fuel global rally #ShareMarket #Sensex #Nifty #Inflation #HCLTech #TataMotors #BEL #Maruti #Reliance,0.0
1.96e+18,13-08-2025 10:20,"#HEROMOTOCO 4600 CE 
From 80 to 170 (Doubled )
Profit per Lot Around 12000 Rs. 

Join FREE TELEGRAM 
#nse #nifty50 #OptionsTrading #optionbuying #intraday #btst #banknifty #finnifty #reliance #Tcs #HDFC #ICICIBank #kotakbank #sbin #maruti #polycybzr #bse https://t.co/X6xq5vkhab",0,0,0,#HEROMOTOCO 4600 CE From 80 to 170 (Doubled ) Profit per Lot Around 12000 Rs. Join FREE TELEGRAM #nse #nifty50 #OptionsTrading #optionbuying #intraday #btst #banknifty #finnifty #reliance #Tcs #HDFC #ICICIBank #kotakbank #sbin #maruti #polycybzr #bse,0.8455
1.96e+18,13-08-2025 10:20,"🏛️ Live Market Update at 10:20 IST

🇮🇳 Nifty: 24,575.95 ▲ +0.36%
🇮🇳 Sensex: 80,418.53 ▲ +0.22%

📈 Top Gainer: Apollo Hospital ▲ 6.15%
📉 Top Loser: Coromandel Int. ▼ -5.01%

#Nifty50 #Sensex #MarketWatch",0,0,0,"🏛️ Live Market Update at 10:20 IST 🇮🇳 Nifty: 24,575.95 ▲ +0.36% 🇮🇳 Sensex: 80,418.53 ▲ +0.22% 📈 Top Gainer: Apollo Hospital ▲ 6.15% 📉 Top Loser: Coromandel Int. ▼ -5.01% #Nifty50 #Sensex #MarketWatch",0.2263
1.96e+18,13-08-2025 10:19,"53 now

nifty #banknifty #sensex #bankex #optionbuying #finnifty #optiontrading https://t.co/DPDidy7667",0,0,0,53 now nifty #banknifty #sensex #bankex #optionbuying #finnifty #optiontrading,0.4019
1.96e+18,13-08-2025 10:19,"Market Commentary Overnight global action was positive by Ventura

https://t.co/gn2OVhJ4Zi

#Sensex #MarketOutlook #Nifty #BankNifty #ventura #Investmentguruindia https://t.co/5pRorTZsBr",0,0,0,Market Commentary Overnight global action was positive by Ventura #Sensex #MarketOutlook #Nifty #BankNifty #ventura #Investmentguruindia,0.5574
1.96e+18,13-08-2025 10:19,"Equity benchmark indices Sensex and Nifty climbed in early trade on Wednesday as steady US inflation data propelled a sharp rally in global markets
#Sensex 
https://t.co/GqydSZ1UsF",0,0,0,Equity benchmark indices Sensex and Nifty climbed in early trade on Wednesday as steady US inflation data propelled a sharp rally in global markets #Sensex,0.4019
1.96e+18,13-08-2025 10:19,"Some Prediction For Today.
Join Free - https://t.co/nZbWh1pglb

#Nifty #niftycrash #NiftyBank #Niftyfinservice #sensex #15august #StockMarket https://t.co/Lh9Zb5PnEa",0,0,0,Some Prediction For Today. Join Free - #Nifty #niftycrash #NiftyBank #Niftyfinservice #sensex #15august #StockMarket,0.6705
1.96e+18,13-08-2025 10:18,#Nifty #NiftyBank #sensex #weeklyexpiry #StocksToWatch check https://t.co/aKTj0rL6sG https://t.co/rQyJ4Wayh6,0,0,0,#Nifty #NiftyBank #sensex #weeklyexpiry #StocksToWatch check,0.0
1.96e+18,13-08-2025 10:18,"Blow 40 i will exit

nifty #banknifty #sensex #bankex #optionbuying #finnifty #optiontrading https://t.co/DPDidy7667",0,0,0,Blow 40 i will exit nifty #banknifty #sensex #bankex #optionbuying #finnifty #optiontrading,0.4019
1.96e+18,13-08-2025 10:17,"There are 3 types of markets-

-Bull Market
-Bear Market
-Bunny Market

We are in a Bunny Market right now. Stocks are going through time correction and are hovering around the same prices

A strictly No Trade Market

Focus on buying quality stocks at cheap value

#Nifty #Nifty50",2,0,0,There are 3 types of markets- -Bull Market -Bear Market -Bunny Market We are in a Bunny Market right now. Stocks are going through time correction and are hovering around the same prices A strictly No Trade Market Focus on buying quality stocks at cheap value #Nifty #Nifty50,0.0516
1.96e+18,13-08-2025 10:17,"When You know the Game . 📈🧿
You don't panic . 🫰🏻😌
Attaching a Random Sc from one of our brothers who faced huge losses in the Market . (Now Recovering Slowly) 
#Nifty #Sensex #Optionbuying 
#Gurukripa #Abundance https://t.co/iGaaPJl5Xm",2,0,1,When You know the Game . 📈🧿 You don't panic . 🫰🏻😌 Attaching a Random Sc from one of our brothers who faced huge losses in the Market . (Now Recovering Slowly) #Nifty #Sensex #Optionbuying #Gurukripa #Abundance,0.3187
1.96e+18,13-08-2025 10:17,"again today HDFC falling good gain in puts 
#nifty #nifty50 #indianstockmarket #hdfcbank",0,0,0,again today HDFC falling good gain in puts #nifty #nifty50 #indianstockmarket #hdfcbank,0.6908
1.96e+18,13-08-2025 10:17,"#Vedl previous swing high cleared, Breakout in Daily Rsi. Need to sustain these levels on closing basis for more upside. #vedanta

#nifty #nifty50 #investing #breakoutstocks #StocksInFocus #StocksToWatch #stocks #StocksToBuy #StocksToTrade #breakoutstock #stockmarketindia https://t.co/mMz54namKx",3,0,0,"#Vedl previous swing high cleared, Breakout in Daily Rsi. Need to sustain these levels on closing basis for more upside. #vedanta #nifty #nifty50 #investing #breakoutstocks #StocksInFocus #StocksToWatch #stocks #StocksToBuy #StocksToTrade #breakoutstock #stockmarketindia",0.1027
1.96e+18,13-08-2025 10:17,"SHORTS 🩳 🩳🩳 running in #Nifty #Banknifty 

StopLoss 14TH AUGUST 3:30 🕞 PM",3,0,0,SHORTS 🩳 🩳🩳 running in #Nifty #Banknifty StopLoss 14TH AUGUST 3:30 🕞 PM,0.0
1.96e+18,13-08-2025 10:16,"Market Secrets - Option Analytics for BankNifty - OI vs Strike Price Chart - Resistance: 56000, Support: 55000, For LIVE feeds, subscribe to OptionAnalytics from our website https://t.co/qgq4vZaCJL #Nifty, #BankNifty, #OptionTrading, #MaxPain, #PCR https://t.co/SuNyyXir0D",0,0,0,"Market Secrets - Option Analytics for BankNifty - OI vs Strike Price Chart - Resistance: 56000, Support: 55000, For LIVE feeds, subscribe to OptionAnalytics from our website #Nifty, #BankNifty, #OptionTrading, #MaxPain, #PCR",0.296
1.96e+18,13-08-2025 10:16,"Suzlon Energy Shares Fall 4% Post Strong Q1 Results - Nuvama Lowers Target, Is It Time to Buy or Exit?
Read here - https://t.co/fi9eCCpCfU

Read advanced Stock Strategies - https://t.co/Ud2G7Wo8kp

#Suzlon #BREAKOUTSTOCKS #TradingTips #GIFTNIFTY #Markets #Sensex https://t.co/UwMdRT249c",1,0,0,"Suzlon Energy Shares Fall 4% Post Strong Q1 Results - Nuvama Lowers Target, Is It Time to Buy or Exit? Read here - Read advanced Stock Strategies - #Suzlon #BREAKOUTSTOCKS #TradingTips #GIFTNIFTY #Markets #Sensex",0.7964
1.96e+18,13-08-2025 10:16,"Market Secrets - Option Analytics for Nifty - OI vs Strike Price Chart - Resistance: 24600, Support: 24500, For LIVE feeds, subscribe to OptionAnalytics from our website https://t.co/qgq4vZaCJL #Nifty, #BankNifty, #OptionTrading, #MaxPain, #PCR https://t.co/zr80DHGpuD",0,0,0,"Market Secrets - Option Analytics for Nifty - OI vs Strike Price Chart - Resistance: 24600, Support: 24500, For LIVE feeds, subscribe to OptionAnalytics from our website #Nifty, #BankNifty, #OptionTrading, #MaxPain, #PCR",0.5994
1.96e+18,13-08-2025 10:16,"DIIs where art thou?? World indices making higher highs daily😒 nifty banknifty struggling daily😒 

#nifty #banknifty #DIIs #FIIs",0,0,0,DIIs where art thou?? World indices making higher highs daily😒 nifty banknifty struggling daily😒 #nifty #banknifty #DIIs #FIIs,-0.1179
1.96e+18,13-08-2025 10:15,"Nifty 24600 CE @ 78
SL 55
Target 100/110/125
Disc. - Not SEBI Registered. Any trades shared are just for journal and educational purposes.
#Nifty #BankNifty",4,1,0,Nifty 24600 CE @ 78 SL 55 Target 100/110/125 Disc. - Not SEBI Registered. Any trades shared are just for journal and educational purposes. #Nifty #BankNifty,0.6249
1.96e+18,13-08-2025 10:15,"DIIs where art thou?? World indices making higher highs daily😒 nifty banknifty struggling daily😒 

#nifty #banknifty",0,0,0,DIIs where art thou?? World indices making higher highs daily😒 nifty banknifty struggling daily😒 #nifty #banknifty,-0.1179
1.96e+18,13-08-2025 10:14,#ongc STOCK may reach 300 in the upcoming few days.#Nifty #stockmarketcrash #Banknifty #Trump #Tariffs,0,0,0,#ongc STOCK may reach 300 in the upcoming few days.#Nifty #stockmarketcrash #Banknifty #Trump #Tariffs,0.0258
1.96e+18,13-08-2025 10:14,"#Wockhardt 

Bounce back time 

Add on Watch list 

#Nifty #Nifty50 #niftyfuture #Defensa #USTariffs #banknifty https://t.co/Rz1jirqp6h",0,0,0,#Wockhardt Bounce back time Add on Watch list #Nifty #Nifty50 #niftyfuture #Defensa #USTariffs #banknifty,0.0
1.96e+18,13-08-2025 10:13,"#Nifty50 26k pe 1780 pending 
N #sensex 80400 ce 822 to 978 pending
Till nifty below 24648
Pe will hold support https://t.co/uvArq8cJYD",0,0,1,#Nifty50 26k pe 1780 pending N #sensex 80400 ce 822 to 978 pending Till nifty below 24648 Pe will hold support,0.6597
1.96e+18,13-08-2025 10:13,"Buying  

 🚨🚨
#Nifty 24600 Puts ✍️✍️  

AT  - 60-65 👍 

SL - 48

Target  - 85++

Not a Buy / Sell recommendation.    
 #niftyOptions #Caplinpoint #Nifty #banknifty #midcp #Fii #DIIs #RelianceIndustries #HDFCBank #Crudeoil #GOLD #NaturalGas #stockmarketcrash #Nifty50 #sensex",0,0,2,Buying 🚨🚨 #Nifty 24600 Puts ✍️✍️ AT - 60-65 👍 SL - 48 Target - 85++ Not a Buy / Sell recommendation. #niftyOptions #Caplinpoint #Nifty #banknifty #midcp #Fii #DIIs #RelianceIndustries #HDFCBank #Crudeoil #GOLD #NaturalGas #stockmarketcrash #Nifty50 #sensex,0.0
1.96e+18,13-08-2025 10:13,"47 is my price

nifty #banknifty #sensex #bankex #optionbuying #finnifty #optiontrading https://t.co/DPDidy7667",0,0,0,47 is my price nifty #banknifty #sensex #bankex #optionbuying #finnifty #optiontrading,0.4019
1.96e+18,13-08-2025 10:13,"#Q1Results of #NIFTY top 20 companies  
https://t.co/JZZkaNJN0L

#Q1FY26results #Q1WithNDTVProfit #q1withswadesh #nifty50 #stockmarketsindia #StockMarketUpdate #StockMarketNews #Q1FY26 https://t.co/s2YHKbPZV9",1,0,0,#Q1Results of #NIFTY top 20 companies #Q1FY26results #Q1WithNDTVProfit #q1withswadesh #nifty50 #stockmarketsindia #StockMarketUpdate #StockMarketNews #Q1FY26,0.2023
1.96e+18,13-08-2025 10:13,"Stock Market Today: Nifty, Sensex Open Higher in Early Trade; Metal Stocks Lead Gains
#StockMarket #Nifty #Sensex",0,0,1,"Stock Market Today: Nifty, Sensex Open Higher in Early Trade; Metal Stocks Lead Gains #StockMarket #Nifty #Sensex",0.6249
1.96e+18,13-08-2025 10:13,"#NESTLE
#stockstobuy #stocks #SwingTrading  #NiftyBank  #nifty50  
accumulate at  1090 to 1074
SL 1040
target 1 &amp; 2 - 1177 &amp; 1276
R:R  aprox 1:4
logic : m dz  and 200 ema support https://t.co/r64cvq59yO",0,0,1,#NESTLE #stockstobuy #stocks #SwingTrading #NiftyBank #nifty50 accumulate at 1090 to 1074 SL 1040 target 1 &amp; 2 - 1177 &amp; 1276 R:R aprox 1:4 logic : m dz and 200 ema support,0.4019
1.96e+18,13-08-2025 10:13,"Nifty is strong and upside bn can gove chance i feel

nifty #banknifty #sensex #bankex #optionbuying #finnifty #optiontrading https://t.co/DPDidy7667",0,0,0,Nifty is strong and upside bn can gove chance i feel nifty #banknifty #sensex #bankex #optionbuying #finnifty #optiontrading,0.8658
1.96e+18,13-08-2025 10:13,"#aartipharma 

Stock is down 8% today!🔻

As expected, Q1 FY26 results were disappointing.

However, we do expect Aarti Pharmalabs results to start picking up from H2 of this FY.

FY27 will be a big year for the co.

Good price to start making position slowly.

#Nifty #Nifty50 https://t.co/UDghraRAPb",1,0,0,"#aartipharma Stock is down 8% today!🔻 As expected, Q1 FY26 results were disappointing. However, we do expect Aarti Pharmalabs results to start picking up from H2 of this FY. FY27 will be a big year for the co. Good price to start making position slowly. #Nifty #Nifty50",-0.1511
1.96e+18,13-08-2025 10:12,Trade is already giving 1:2. stop was roughly 50 pts and trade is already 100 pts in favour. #Paytm #technicalanalysis #NSE #BSE #NIFTY #SENSEX https://t.co/jyGs69Heh0,0,0,0,Trade is already giving 1:2. stop was roughly 50 pts and trade is already 100 pts in favour. #Paytm #technicalanalysis #NSE #BSE #NIFTY #SENSEX,0.4767
1.96e+18,13-08-2025 10:12,"Target done =150 
now trail for 200+
#bbtvi #Nifty50 #niftyOptions #StockMarketIndia #zonauang #JuniorMarkFanconD2 #φωτια #thomaskong #SEVENTEEN #JuniorMarkFanconD2 #ifkgbg #PakvsWI https://t.co/0zxuexH3gp https://t.co/3IeKoi9W1Q",1,0,0,Target done =150 now trail for 200+ #bbtvi #Nifty50 #niftyOptions #StockMarketIndia #zonauang #JuniorMarkFanconD2 #φωτια #thomaskong #SEVENTEEN #JuniorMarkFanconD2 #ifkgbg #PakvsWI,0.0
1.96e+18,13-08-2025 10:12,"Again i took put bn os ready to dip

nifty #banknifty #sensex #bankex #optionbuying #finnifty #optiontrading",0,0,0,Again i took put bn os ready to dip nifty #banknifty #sensex #bankex #optionbuying #finnifty #optiontrading,0.6369
1.96e+18,13-08-2025 10:11,"Sensex 80400CE
From: 500 to 600(Done)
Capital Used - 1 Lac
Profit - 40k
ROI - 40%
In One Call👇🏻

Join Our Public Channel :
https://t.co/G253TGlwpf

#nifty #sensex #banknifty #StocksToWatch #zerodha #StockMarketIndia #FIIs #Nifty50 #StocksToBuy #optionbuying #StockInFocus",1,0,0,Sensex 80400CE From: 500 to 600(Done) Capital Used - 1 Lac Profit - 40k ROI - 40% In One Call👇🏻 Join Our Public Channel : #nifty #sensex #banknifty #StocksToWatch #zerodha #StockMarketIndia #FIIs #Nifty50 #StocksToBuy #optionbuying #StockInFocus,0.6249
1.96e+18,13-08-2025 10:11,"#MOTILALOFS - Extremely bullish on this one. The price has weathered everything the market threw at it. Look at the tightness in price as well. 
Use 880 as the SL 

#Nifty_capital_mkt #NiftyFinance #NiftyBank #banknifty #Nifty50 #nifty https://t.co/hFEdjv6psw",1,0,0,#MOTILALOFS - Extremely bullish on this one. The price has weathered everything the market threw at it. Look at the tightness in price as well. Use 880 as the SL #Nifty_capital_mkt #NiftyFinance #NiftyBank #banknifty #Nifty50 #nifty,0.2732
1.96e+18,13-08-2025 10:11,"Nifty 24400CE
From: 210 to 250(Done)
Capital Used - 1 Lac
Profit - 30k
ROI - 30%
In One Call👇🏻

Join Our Public Channel :
https://t.co/G253TGlwpf

#nifty #sensex #banknifty #StocksToWatch #zerodha #StockMarketIndia #FIIs #Nifty50 #StocksToBuy #optionbuying #StockInFocus",1,0,0,Nifty 24400CE From: 210 to 250(Done) Capital Used - 1 Lac Profit - 30k ROI - 30% In One Call👇🏻 Join Our Public Channel : #nifty #sensex #banknifty #StocksToWatch #zerodha #StockMarketIndia #FIIs #Nifty50 #StocksToBuy #optionbuying #StockInFocus,0.7783
1.96e+18,13-08-2025 10:11,"🌟🌟🌟🌟🌟🌟🌟🌟
--------------------------------
PAYTM 1180 CE (POSITION)
AT 25
TARGET 35-45
SL 20

--------------------------------
🌟🌟🌟🌟🌟🌟🌟🌟
Trade for me , no recommendations
#nifty #sensex #banknifty",0,0,0,"🌟🌟🌟🌟🌟🌟🌟🌟 -------------------------------- PAYTM 1180 CE (POSITION) AT 25 TARGET 35-45 SL 20 -------------------------------- 🌟🌟🌟🌟🌟🌟🌟🌟 Trade for me , no recommendations #nifty #sensex #banknifty",-0.296
1.96e+18,13-08-2025 10:10,"Banknifty 55500CE
From: 450 to 510(Done)
Capital Used - 1 Lac
Profit - 30k
ROI - 30%
In One Call👇🏻

Join Our Public Channel :
https://t.co/G253TGlwpf

#nifty #sensex #banknifty #StocksToWatch #zerodha #StockMarketIndia #FIIs #Nifty50 #StocksToBuy #optionbuying #StockInFocus",1,0,0,Banknifty 55500CE From: 450 to 510(Done) Capital Used - 1 Lac Profit - 30k ROI - 30% In One Call👇🏻 Join Our Public Channel : #nifty #sensex #banknifty #StocksToWatch #zerodha #StockMarketIndia #FIIs #Nifty50 #StocksToBuy #optionbuying #StockInFocus,0.6249
1.96e+18,13-08-2025 10:10,Liquidated today morning around day high(so far). #Paytm #optionstrading #Nifty #sensex #expirytrading https://t.co/pd0rF67VSF https://t.co/o6Sf1WXvPn,0,0,0,Liquidated today morning around day high(so far). #Paytm #optionstrading #Nifty #sensex #expirytrading,0.0
1.96e+18,13-08-2025 10:10,"Hindalco 690CE
From: 12 to 19.7(Done)
Capital Used - 1 Lac
Profit - 80k
ROI - 80%
In One Call👇🏻

Join Our Public Channel :
https://t.co/G253TGlwpf

#nifty #sensex #banknifty #StocksToWatch #zerodha #StockMarketIndia #FIIs #Nifty50 #StocksToBuy #optionbuying #StockInFocus",1,0,0,Hindalco 690CE From: 12 to 19.7(Done) Capital Used - 1 Lac Profit - 80k ROI - 80% In One Call👇🏻 Join Our Public Channel : #nifty #sensex #banknifty #StocksToWatch #zerodha #StockMarketIndia #FIIs #Nifty50 #StocksToBuy #optionbuying #StockInFocus,0.6249
1.96e+18,13-08-2025 10:10,"Market Alert! 🚨 NIFTY 50 📉 &amp; BANK NIFTY 📉 while S&amp;P 500 🚀! Sentiment NEUTRAL. AI bubble, trade tensions impact. Get full analysis &amp; strategy: https://t.co/D2pA3zELpi #StockMarket #NIFTY #BankNifty #MarketWatch #TradingTips",0,0,0,"Market Alert! 🚨 NIFTY 50 📉 &amp; BANK NIFTY 📉 while S&amp;P 500 🚀! Sentiment NEUTRAL. AI bubble, trade tensions impact. Get full analysis &amp; strategy: #StockMarket #NIFTY #BankNifty #MarketWatch #TradingTips",0.7876
1.96e+18,13-08-2025 10:09,"#Nifty50  looks set for bullish momentum after breakout; targets 25,060–25,200 ahead if wave structure holds and buyers sustain strength.
#nifty500 #StockMarket #stockmarketcrash #INTRADAY #banknifty #nseindia #CrudeOil #NaturalGas #GOLD #Silver https://t.co/niLViLBiw6",0,0,0,"#Nifty50 looks set for bullish momentum after breakout; targets 25,060–25,200 ahead if wave structure holds and buyers sustain strength. #nifty500 #StockMarket #stockmarketcrash #INTRADAY #banknifty #nseindia #CrudeOil #NaturalGas #GOLD #Silver",0.4939
1.96e+18,13-08-2025 10:09,"Nifty 24600CE
From: 42 to 90(Done)
Capital Used - 1 Lac
Profit - 1.3 Lac
ROI - 130%
In One Call👇🏻

Join Our Public Channel :
https://t.co/G253TGlwpf

#nifty #sensex #banknifty #StocksToWatch #zerodha #StockMarketIndia #FIIs #Nifty50 #StocksToBuy #optionbuying #StockInFocus",1,0,0,Nifty 24600CE From: 42 to 90(Done) Capital Used - 1 Lac Profit - 1.3 Lac ROI - 130% In One Call👇🏻 Join Our Public Channel : #nifty #sensex #banknifty #StocksToWatch #zerodha #StockMarketIndia #FIIs #Nifty50 #StocksToBuy #optionbuying #StockInFocus,0.7783
1.96e+18,13-08-2025 10:09,"HDFCLIFE 780 CE AT 9
SL 7
TARGET 13/15

#NiftyBank #sensex #nifty #trader #finance #like #Stocks #stockmarket #liveanalysis #Finance

TG: https://t.co/rVQRcVknX3",1,1,1,HDFCLIFE 780 CE AT 9 SL 7 TARGET 13/15 #NiftyBank #sensex #nifty #trader #finance #like #Stocks #stockmarket #liveanalysis #Finance TG:,0.0
1.96e+18,13-08-2025 10:09,"Learn the game .. don't blame Jane Street !🤠
#nifty #optionbuying #banknifty #StockMarketIndia #DayTrader #forextrading #Trading #ipoallotment #Grok https://t.co/6RkKPJgxF0",0,0,2,Learn the game .. don't blame Jane Street !🤠 #nifty #optionbuying #banknifty #StockMarketIndia #DayTrader #forextrading #Trading #ipoallotment #Grok,0.3244
1.96e+18,13-08-2025 10:09,"#Nifty50
#marketastrology
Strong move is possible after 10:30 IST. I'm bullish.",88,2,7,#Nifty50 #marketastrology Strong move is possible after 10:30 IST. I'm bullish.,0.5106
1.96e+18,13-08-2025 10:08,"#BSE Target Reached 🎯🎯

+₹5,250 Profit on 29K capital 😍

+20% ROI 🔥🔥

#Nifty50 #Sensex #OptionsTrading #OptionBuying #Nifty https://t.co/uGhfOUw9Xk",2,0,0,"#BSE Target Reached 🎯🎯 +₹5,250 Profit on 29K capital 😍 +20% ROI 🔥🔥 #Nifty50 #Sensex #OptionsTrading #OptionBuying #Nifty",0.5106
1.96e+18,13-08-2025 10:08,"Nifty up by 107 points and BnkNifty up by 125 points ...
What a sheer under performence by banknifty.
#banknifty #Options #Optionselling #optionbuying",0,0,0,Nifty up by 107 points and BnkNifty up by 125 points ... What a sheer under performence by banknifty. #banknifty #Options #Optionselling #optionbuying,0.4019
1.96e+18,13-08-2025 10:08,"Nifty Intraday Idea 📉
Sell @ 24,600
🎯 Targets: 24,550 / 24,525
SL: 24,635
#Nifty #IntradayTrading #StockMarketIndia #Nifty50
#niftyOptions #NIFTYIT #niftyfuture",1,0,1,"Nifty Intraday Idea 📉 Sell @ 24,600 🎯 Targets: 24,550 / 24,525 SL: 24,635 #Nifty #IntradayTrading #StockMarketIndia #Nifty50 #niftyOptions #NIFTYIT #niftyfuture",0.4019
1.96e+18,13-08-2025 10:08,"Buying  

 🚨🚨
#Grasim 2800 Puts ✍️✍️  

AT  - 60-65 👍 

SL - 

Target  - 88 ++

Not a Buy / Sell recommendation.    
 #niftyOptions #Caplinpoint #Nifty #banknifty #midcp #Fii #DIIs #RelianceIndustries #HDFCBank #Crudeoil #GOLD #NaturalGas #stockmarketcrash #Nifty50 #sensex",0,0,1,Buying 🚨🚨 #Grasim 2800 Puts ✍️✍️ AT - 60-65 👍 SL - Target - 88 ++ Not a Buy / Sell recommendation. #niftyOptions #Caplinpoint #Nifty #banknifty #midcp #Fii #DIIs #RelianceIndustries #HDFCBank #Crudeoil #GOLD #NaturalGas #stockmarketcrash #Nifty50 #sensex,0.0
1.96e+18,13-08-2025 10:08,"#Nifty50 
Buy #Nifty 24550 CE at 110-120 
SL 79  Tgt 190-200

#optionbuying #Options #niftyOptions #niftyfuture #StockMarketIndia #StocksToBuy #sharemarket #TRADINGTIPS 

For faster updates and chart analysis Join 👇 
https://t.co/ZuuY9eJmLZ",3,0,0,#Nifty50 Buy #Nifty 24550 CE at 110-120 SL 79 Tgt 190-200 #optionbuying #Options #niftyOptions #niftyfuture #StockMarketIndia #StocksToBuy #sharemarket #TRADINGTIPS For faster updates and chart analysis Join 👇,0.296
1.96e+18,13-08-2025 10:07,"#Eichermotor hit 5730. Another old target...bites the dust. Next 5760 !
#Nifty50 #BankNifty @TradingView #Sensex #StockMarketIndia @zerodhaonline #TechnicalAnalysis #DayTrading @CNBC_Awaaz #IntradayTrading #OptionTrading #MarketsWithETNOW #PriceAction #SwingTrading https://t.co/KF4mSpt5MB https://t.co/iTwKyho5cX",1,0,0,#Eichermotor hit 5730. Another old target...bites the dust. Next 5760 ! #Nifty50 #BankNifty @TradingView #Sensex #StockMarketIndia @zerodhaonline #TechnicalAnalysis #DayTrading @CNBC_Awaaz #IntradayTrading #OptionTrading #MarketsWithETNOW #PriceAction #SwingTrading,0.0
1.96e+18,13-08-2025 10:07,"#Nifty50 26k pe near support 
If this comes 1040 we will go 24816
Unless holding 1205 
Moves won't come https://t.co/PVP2zRqH8h https://t.co/GQ82r1q5MF",1,0,0,#Nifty50 26k pe near support If this comes 1040 we will go 24816 Unless holding 1205 Moves won't come,0.4019
1.96e+18,13-08-2025 10:06,"#Nifty50 🚨 @JMFinancialkwLtd  looks bullish above ₹160!
Buy for  186 - 195  with 145 (SL).
Momentum strong after stellar Q1 numbers (EPS up 166%), technical breakout, and fundamentals backing uptrend.
#StockMarket #JMFinance #BuyCall #Trading #InvestingRevolution #money #NSE",0,0,0,"#Nifty50 🚨 @JMFinancialkwLtd looks bullish above ₹160! Buy for 186 - 195 with 145 (SL). Momentum strong after stellar Q1 numbers (EPS up 166%), technical breakout, and fundamentals backing uptrend. #StockMarket #JMFinance #BuyCall #Trading #InvestingRevolution #money #NSE",0.5707
1.96e+18,13-08-2025 10:05,"START #AUGUST 2025 FUND 30000 TO 
TARGET 3 CRORE TILL #FEBRUARY 2026
#NIFTY #BANKNIFTY
CURRENT #BULLISH 🐂 #BULL #bullrun 
SEPTEMBER OCTOBER 🐻 BEARISH BEAR BLOODBATH",0,0,0,START #AUGUST 2025 FUND 30000 TO TARGET 3 CRORE TILL #FEBRUARY 2026 #NIFTY #BANKNIFTY CURRENT #BULLISH 🐂 #BULL #bullrun SEPTEMBER OCTOBER 🐻 BEARISH BEAR BLOODBATH,0.0
1.96e+18,13-08-2025 10:05,"PAYTM PROFITS RS 21000/- ✍️🔥✍️👍🔥✍️✍️💚
Risk Rs 2000/-

Profits 10XXXXXXXXXXXXX🔥✍️🔥🔥🔥🔥🔥✍️✍️🔥✍️✍️💚✍️

IF ANYBODY IS INTERESTED JOIN US.

#Nifty 
#Nifty50 
#niftycrash 
#niftyOptions 
#NIFTYIT 
#niftyfuture 
#NiftyMidSelect 
#NiftySmallCap 
#Niftyfinservice 
#NIFTYEnergy https://t.co/Kt6zE4l4AP https://t.co/Adt2BZw65c",0,0,0,PAYTM PROFITS RS 21000/- ✍️🔥✍️👍🔥✍️✍️💚 Risk Rs 2000/- Profits 10XXXXXXXXXXXXX🔥✍️🔥🔥🔥🔥🔥✍️✍️🔥✍️✍️💚✍️ IF ANYBODY IS INTERESTED JOIN US. #Nifty #Nifty50 #niftycrash #niftyOptions #NIFTYIT #niftyfuture #NiftyMidSelect #NiftySmallCap #Niftyfinservice #NIFTYEnergy,0.8956
1.96e+18,13-08-2025 10:05,"Indian markets open higher: Sensex +179 pts, Nifty +70 pts. Nifty Metal up 1.57%, Apollo Hospitals jumps 5%. Fed rate cut hopes lift sentiment.

Read More at: https://t.co/p0FULfndst

#Nifty #Sensex #StockMarket #MarketOpening #MetalStocks #ApolloHospitals #BSE #NSE",0,0,0,"Indian markets open higher: Sensex +179 pts, Nifty +70 pts. Nifty Metal up 1.57%, Apollo Hospitals jumps 5%. Fed rate cut hopes lift sentiment. Read More at: #Nifty #Sensex #StockMarket #MarketOpening #MetalStocks #ApolloHospitals #BSE #NSE",0.7269
1.96e+18,13-08-2025 10:04,"Yesterday's loss recovered 🔥🔥

#nifty #banknifty #zerodha #sensex https://t.co/kjWqrZv9Os",0,0,0,Yesterday's loss recovered 🔥🔥 #nifty #banknifty #zerodha #sensex,-0.3182
1.96e+18,13-08-2025 10:04,"Quote on Market Morning Inputs 13th Aug 2025 by Shrikant Chouhan, Head Equity Research, @kotaksecurities

https://t.co/S4WbN5mosS

#Sensex #ExpertViews #MarketOutlook #Nifty #BankNifty @Shrikantequity #KotakSecurities #Investmentguruindia https://t.co/uSVd6Ki4K0",0,0,0,"Quote on Market Morning Inputs 13th Aug 2025 by Shrikant Chouhan, Head Equity Research, @kotaksecurities #Sensex #ExpertViews #MarketOutlook #Nifty #BankNifty @Shrikantequity #KotakSecurities #Investmentguruindia",0.0
1.96e+18,13-08-2025 10:04,"#market #OptionTrading #OptionBuying #OptionSelling #Buy #sell #CrudeOil #NaturalGas #crude #banknifty #nifty #Sensex #fii #dii

Nifty

I’m buying 24650 CE &amp; 24550 PE for tomorrow’s expiry day 

Which one will give me bigger gains ?

Not a trading recommendations !!",1,0,0,#market #OptionTrading #OptionBuying #OptionSelling #Buy #sell #CrudeOil #NaturalGas #crude #banknifty #nifty #Sensex #fii #dii Nifty I’m buying 24650 CE &amp; 24550 PE for tomorrow’s expiry day Which one will give me bigger gains ? Not a trading recommendations !!,0.6892
1.96e+18,13-08-2025 10:03,Market Update at 10:00 AM – Top Winners and Losers #NSE #BSE #NIFTY #SENSEX #Stocks https://t.co/IYgI0o20Us,10,8,0,Market Update at 10:00 AM – Top Winners and Losers #NSE #BSE #NIFTY #SENSEX #Stocks,0.128
1.96e+18,13-08-2025 10:02,"Quote on Pre-market comment 13th Aug 2025 by Amruta Shinde, Technical &amp; Derivative Analyst, @ChoiceHQ_Social

https://t.co/BC8Kx4fOgf

#Sensex #ExpertViews #MarketOutlook #Nifty #BankNifty #ChoiceBroking #AmrutaShinde #Investmentguruindia https://t.co/mmImQZZNUp",0,0,0,"Quote on Pre-market comment 13th Aug 2025 by Amruta Shinde, Technical &amp; Derivative Analyst, @ChoiceHQ_Social #Sensex #ExpertViews #MarketOutlook #Nifty #BankNifty #ChoiceBroking #AmrutaShinde #Investmentguruindia",0.0
1.96e+18,13-08-2025 10:02,"Ipos Views

Regaal resources - Apply for 35-50% gains 
Mahendra realtors  - Avoid
Vikram solar - Apply for 30-45% gains 

#Nifty #banknifty #StockMarketindia #investment #Multibagger #BREAKOUTSTOCKS
@StocktwitsIndia",0,0,0,Ipos Views Regaal resources - Apply for 35-50% gains Mahendra realtors - Avoid Vikram solar - Apply for 30-45% gains #Nifty #banknifty #StockMarketindia #investment #Multibagger #BREAKOUTSTOCKS @StocktwitsIndia,0.3818
1.96e+18,13-08-2025 10:01,"#Nifty 24650 PE BUY 80-85 TGT 120/130

#niftyOptions #Niftybank #Nifty50 #optionbuying #TRADINGTIPS #berish #India",0,0,0,#Nifty 24650 PE BUY 80-85 TGT 120/130 #niftyOptions #Niftybank #Nifty50 #optionbuying #TRADINGTIPS #berish #India,0.0
1.96e+18,13-08-2025 10:01,"JM FINANCIAL made a high of 179.8

158 ➡️179.8 🔥🔥

Good profits for those who followed.

#Nifty #Nifty50 #stockmarketsindia #StockMarket #StocksToWatch #StocksInFocus https://t.co/N4BVuvb7Pd",1,0,0,JM FINANCIAL made a high of 179.8 158 ➡️179.8 🔥🔥 Good profits for those who followed. #Nifty #Nifty50 #stockmarketsindia #StockMarket #StocksToWatch #StocksInFocus,0.7003
1.96e+18,13-08-2025 10:01,"Buying apollohospital atm ce aug

#nifty50 #sensex #nse #bse #options #optiontrading #stockmarket",0,0,0,Buying apollohospital atm ce aug #nifty50 #sensex #nse #bse #options #optiontrading #stockmarket,0.0
1.96e+18,13-08-2025 10:01,"🚀 Paytm soars 6%!
RBI gives in-principle nod to subsidiary PPSL for online payment aggregation ✅
Merchant onboarding resumes after the RBI freeze, which began in November 2022.
#Paytm #RBI #StockMarket #DalalStreet #Fintech #Investing #Nifty #Sensex #PaytmNews #MarketUpdates",1,0,0,"🚀 Paytm soars 6%! RBI gives in-principle nod to subsidiary PPSL for online payment aggregation ✅ Merchant onboarding resumes after the RBI freeze, which began in November 2022. #Paytm #RBI #StockMarket #DalalStreet #Fintech #Investing #Nifty #Sensex #PaytmNews #MarketUpdates",0.126
1.96e+18,13-08-2025 10:00,"@makaran78718792 @tradingview @zerodhaonline @CNBC_Awaaz Today #ApolloHospital surged over 450 points to complete my targets. I have been saying - This is the bank of Universe. Make as much as you can. I mean it. Clues are pinned in my profile 😎
#Nifty50 #BankNifty #StockMarketIndia @zerodhaonline @CNBC_Awaaz #SwingTrading #stocks",1,0,0,@makaran78718792 @tradingview @zerodhaonline @CNBC_Awaaz Today #ApolloHospital surged over 450 points to complete my targets. I have been saying - This is the bank of Universe. Make as much as you can. I mean it. Clues are pinned in my profile 😎 #Nifty50 #BankNifty #StockMarketIndia @zerodhaonline @CNBC_Awaaz #SwingTrading #stocks,0.0
1.96e+18,13-08-2025 10:00,"5 Lakh Profit Locked! 💸💸🫰🫰
+50K in the 1L → 10L journey 🔥
Nothing is impossible when discipline leads the way!
Green day booked — done for today ✅
Back tomorrow to trade smart, not hard 

#Nifty 
#banknifty 
#Sensex 
#stockmarkets https://t.co/6JEypEOPTR",28,20,22,"5 Lakh Profit Locked! 💸💸🫰🫰 +50K in the 1L → 10L journey 🔥 Nothing is impossible when discipline leads the way! Green day booked — done for today ✅ Back tomorrow to trade smart, not hard #Nifty #banknifty #Sensex #stockmarkets",0.7565
1.96e+18,13-08-2025 10:00,"Market Watch: Indian markets to open positive; 100 DEMA key level for Nifty by @Geojit_official

https://t.co/imFaYuirbZ

#Sensex #MarketOutlook #Nifty #BankNifty #GeojitFinancialServicesLtd #Investmentguruindia https://t.co/ofAarqqYuW",0,0,0,Market Watch: Indian markets to open positive; 100 DEMA key level for Nifty by @Geojit_official #Sensex #MarketOutlook #Nifty #BankNifty #GeojitFinancialServicesLtd #Investmentguruindia,0.743
1.96e+18,13-08-2025 10:00,"[Automated]

Market Indices at 13-Aug-2025 10:00IST

#NSE #Nifty50 24602(0.47%) 
#BSE #Sensex 80458(0.28%) 
#NSE #BankNifty 55201(0.29%) 

https://t.co/vl4PEevzQV https://t.co/pfYCzVV1BK",0,0,0,[Automated] Market Indices at 13-Aug-2025 10:00IST #NSE #Nifty50 24602(0.47%) #BSE #Sensex 80458(0.28%) #NSE #BankNifty 55201(0.29%),0.0
1.96e+18,13-08-2025 10:00,"Arrived in zone... Are you tracking?
#PriceAction #nifty #banknifty #sensex #PRAJIND",0,0,1,Arrived in zone... Are you tracking? #PriceAction #nifty #banknifty #sensex #PRAJIND,0.0
1.96e+18,13-08-2025 10:00,"#AngelOne 2600 CE
Buy - 74
Target - 100 &amp; 125 &amp; 150++

Note : OptionTrading, so act according to your risk
#Nifty50 #StockOptions #niftyOptions #NiftyBank  #optionbuying  #StockMarket
#nse #fiis #diis  #StocksToWatch #OptionsTrading #Nifty",2,0,0,"#AngelOne 2600 CE Buy - 74 Target - 100 &amp; 125 &amp; 150++ Note : OptionTrading, so act according to your risk #Nifty50 #StockOptions #niftyOptions #NiftyBank #optionbuying #StockMarket #nse #fiis #diis #StocksToWatch #OptionsTrading #Nifty",-0.2732
1.96e+18,13-08-2025 10:00,"🏛️ Live Market Update at 10:00 IST

🇮🇳 Nifty: 24,598.05 ▲ +0.45%
🇮🇳 Sensex: 80,542.03 ▲ +0.38%

📈 Top Gainer: Apollo Hospital ▲ 6.00%
📉 Top Loser: Coromandel Int. ▼ -5.04%

#Nifty50 #Sensex #MarketWatch",0,0,0,"🏛️ Live Market Update at 10:00 IST 🇮🇳 Nifty: 24,598.05 ▲ +0.45% 🇮🇳 Sensex: 80,542.03 ▲ +0.38% 📈 Top Gainer: Apollo Hospital ▲ 6.00% 📉 Top Loser: Coromandel Int. ▼ -5.04% #Nifty50 #Sensex #MarketWatch",0.2263
1.96e+18,13-08-2025 10:00,"Top 10 Conservative Hybrid Mutual Funds for 2025 ranked by   composite performance score (31-July-2025).(Click on the link to see all   funds.)
      https://t.co/GW9KOTuoN3
    #mutualfunds #MutualFundsSahiHai #NIFTYFUTURE #nifty50 #NiftyIT   #NiftyMidcap #NiftyBank https://t.co/p7SPSznYIz",0,0,0,Top 10 Conservative Hybrid Mutual Funds for 2025 ranked by composite performance score (31-July-2025).(Click on the link to see all funds.) #mutualfunds #MutualFundsSahiHai #NIFTYFUTURE #nifty50 #NiftyIT #NiftyMidcap #NiftyBank,0.2023
1.96e+18,13-08-2025 09:59,"#nifty #banknifty #cnxfinance #bnf #midcapnifty #midcap #sensex #finnifty
24600 pe  cmp 60
Tgt 180/337/380

*Diy Analysis 
SL is yours, risk is yours https://t.co/CQ9Mz99GwD",0,0,0,"#nifty #banknifty #cnxfinance #bnf #midcapnifty #midcap #sensex #finnifty 24600 pe cmp 60 Tgt 180/337/380 *Diy Analysis SL is yours, risk is yours",-0.2732
1.96e+18,13-08-2025 09:59,"📊 Indian Markets Open Higher Amid Global Optimism: NDTV Profit
🔹Nifty 50 opened at 24,586.20, up 0.30%
🔹Sensex opened at 24,586.20, up 0.32%
🔹GIFT Nifty up 115 points signaling positive start
🔹Key resistance: Nifty faces strong resistance at 24,650–24,700
#Nifty #Nifty50 https://t.co/EnlXDTqYBk",0,0,1,"📊 Indian Markets Open Higher Amid Global Optimism: NDTV Profit 🔹Nifty 50 opened at 24,586.20, up 0.30% 🔹Sensex opened at 24,586.20, up 0.32% 🔹GIFT Nifty up 115 points signaling positive start 🔹Key resistance: Nifty faces strong resistance at 24,650–24,700 #Nifty #Nifty50",0.9565
1.96e+18,13-08-2025 09:59,"📈 Market opens strong!
Sensex +200 pts, Nifty &gt;24,550 🚀
Suzlon, HAL, Apollo Hospitals among the most active; all sectors in green ✅
#StockMarket #Sensex #Nifty #Suzlon #ApolloHospitals #HAL #DalalStreet #MarketNews #TradingIndia #Investing",1,0,0,"📈 Market opens strong! Sensex +200 pts, Nifty &gt;24,550 🚀 Suzlon, HAL, Apollo Hospitals among the most active; all sectors in green ✅ #StockMarket #Sensex #Nifty #Suzlon #ApolloHospitals #HAL #DalalStreet #MarketNews #TradingIndia #Investing",0.8513
1.96e+18,13-08-2025 09:59,"HI TO ALL

APOLLOHOSP 
PAYTM

BOTH ARE 5% up 🔥🔥🔥🔥🔥🔥🔥

#Nifty 
#Nifty50 
#niftycrash 
#niftyOptions 
#NIFTYIT 
#niftyfuture 
#NiftyMidSelect 
#NiftySmallCap 
#Niftyfinservice 
#NIFTYEnergy https://t.co/vYwpkdFPWZ",0,0,0,HI TO ALL APOLLOHOSP PAYTM BOTH ARE 5% up 🔥🔥🔥🔥🔥🔥🔥 #Nifty #Nifty50 #niftycrash #niftyOptions #NIFTYIT #niftyfuture #NiftyMidSelect #NiftySmallCap #Niftyfinservice #NIFTYEnergy,0.0
1.96e+18,13-08-2025 09:59,"#Nifty opened with a gap up, my DMean based system , looking stronger on short period charts. 24500-25700 can be the range for the day. Present Options' data supports this range. 

#Nifty50 #NiftyOptions #OptionsTrading #Sensex https://t.co/jnOvGpqnXZ",2,0,0,"#Nifty opened with a gap up, my DMean based system , looking stronger on short period charts. 24500-25700 can be the range for the day. Present Options' data supports this range. #Nifty50 #NiftyOptions #OptionsTrading #Sensex",0.6249
1.96e+18,13-08-2025 09:57,"Keep on Radar
#Nifty 24500 CE @ 150-53NEAR
SL 115
TGT 175,200
Telegram:- https://t.co/MRt2Lf5Hug
#Nifty #Sensex #Banknifty #optionbuying #NiftyOptions",0,0,0,"Keep on Radar #Nifty 24500 CE @ 150-53NEAR SL 115 TGT 175,200 Telegram:- #Nifty #Sensex #Banknifty #optionbuying #NiftyOptions",0.0
1.96e+18,13-08-2025 09:57,"Nifty Update:
Currently trading between 24530–24610 ⚠️
This is a no-trade zone – wait for a clear breakout on either side.
Patience = protection.
#Nifty #Nifty50 #NiftyLevels #PriceAction #IntradayTrading #NiftyAnalysis #StockMarketIndia #VighnahartaLevels https://t.co/f1ejNGjcHe",0,0,0,Nifty Update: Currently trading between 24530–24610 ⚠️ This is a no-trade zone – wait for a clear breakout on either side. Patience = protection. #Nifty #Nifty50 #NiftyLevels #PriceAction #IntradayTrading #NiftyAnalysis #StockMarketIndia #VighnahartaLevels,0.6486
1.96e+18,13-08-2025 09:57,"#Nifty CE jackpot 🚀🚀 
Data bullish 💚
#BullMarket #Bullish #bull #banknifty https://t.co/CDNTGBneEw",0,0,0,#Nifty CE jackpot 🚀🚀 Data bullish 💚 #BullMarket #Bullish #bull #banknifty,0.0
1.96e+18,13-08-2025 09:55,"Today's market opening performance:

NSE #Nifty50  was trading at 24,584 levels, up 96.65 points or 0.39 per cent after the market opened.BSE #Sensex was up over 327 points or 0.41 per cent at 80,563 levels

In the broader markets,  the BSE Midcap index was trading 0.63 per cent https://t.co/OSxov266Q2",0,0,0,"Today's market opening performance: NSE #Nifty50 was trading at 24,584 levels, up 96.65 points or 0.39 per cent after the market opened.BSE #Sensex was up over 327 points or 0.41 per cent at 80,563 levels In the broader markets, the BSE Midcap index was trading 0.63 per cent",0.0
1.96e+18,13-08-2025 09:55,"#Nifty on the edge will it break down or break out? 
24150–24200 zone still sits as the sweet spot for a possible bounce.
What’s your take will it touch this levels?
#priceaction #sensex #GIFTNIFTY",0,0,0,#Nifty on the edge will it break down or break out? 24150–24200 zone still sits as the sweet spot for a possible bounce. What’s your take will it touch this levels? #priceaction #sensex #GIFTNIFTY,0.5204
1.96e+18,13-08-2025 09:54,"that was not a bad idea to go short expecting a rotation of 50% range of yesterday (24584+)

#nifty50 position closed.... 
its already in strategy part for this week ! https://t.co/PIs8GumZsJ https://t.co/YO6PruZCbT",2,0,0,that was not a bad idea to go short expecting a rotation of 50% range of yesterday (24584+) #nifty50 position closed.... its already in strategy part for this week !,0.484
1.96e+18,13-08-2025 09:54,"Touched 24469 
Today opened at 24584, 100 points gap-up.
Now it should be heading towards 24350.

After hitting SL's of Bears and again traping Bulls.
#Nifty50 #Trap
#NewbieStocker https://t.co/DZhYnB8XaI",1,0,0,"Touched 24469 Today opened at 24584, 100 points gap-up. Now it should be heading towards 24350. After hitting SL's of Bears and again traping Bulls. #Nifty50 #Trap #NewbieStocker",0.0
1.96e+18,13-08-2025 09:54,"#BANKNIFTY 55700 PE

Entry - CMP 630
Target - 680/740/800
Sl - OWN R:R

DISCLAIMER - Levels are purely for Educational purposes only. We are not responsible for anyone's Profit or Loss

#IRCTC #JUBLFOOD #UNITDSPR #NUVAMA #MAXHEALTH #ABFRL #BPCL #MUTHOOTFIN #MOTHERSON #PAYTM",1,0,0,#BANKNIFTY 55700 PE Entry - CMP 630 Target - 680/740/800 Sl - OWN R:R DISCLAIMER - Levels are purely for Educational purposes only. We are not responsible for anyone's Profit or Loss #IRCTC #JUBLFOOD #UNITDSPR #NUVAMA #MAXHEALTH #ABFRL #BPCL #MUTHOOTFIN #MOTHERSON #PAYTM,-0.0931
1.96e+18,13-08-2025 09:53,"#Nifty50

Retest ho gaya done 
🚀 https://t.co/sijTvbailN",4,0,1,#Nifty50 Retest ho gaya done 🚀,0.0
1.96e+18,13-08-2025 09:53,"#BANKNIFTY 55500 PE 

Entry - CMP 530
Target - 560/600/650
Sl - OWN R:R

DISCLAIMER - Levels are purely for Educational purposes only. We are not responsible for anyone's Profit or Loss

#IRCTC #JUBLFOOD #UNITDSPR #NUVAMA #MAXHEALTH #ABFRL #BPCL #MUTHOOTFIN #MOTHERSON #PAYTM",0,0,0,#BANKNIFTY 55500 PE Entry - CMP 530 Target - 560/600/650 Sl - OWN R:R DISCLAIMER - Levels are purely for Educational purposes only. We are not responsible for anyone's Profit or Loss #IRCTC #JUBLFOOD #UNITDSPR #NUVAMA #MAXHEALTH #ABFRL #BPCL #MUTHOOTFIN #MOTHERSON #PAYTM,-0.0931
1.96e+18,13-08-2025 09:53,"24595 ab lggi h aakr bhaii apne ko chahiy hota h 1 seedha seedha trade bs baaki aap sab krliya kro jo BOD SOR chl rha hota h bs 
Bcz everyone has their own way to enter in the market jiska luck naseeb jisme chlta h✅
NEVER TRY TO BECOME SOMEONE ELSE #Nifty50 #StockMarket",0,0,0,24595 ab lggi h aakr bhaii apne ko chahiy hota h 1 seedha seedha trade bs baaki aap sab krliya kro jo BOD SOR chl rha hota h bs Bcz everyone has their own way to enter in the market jiska luck naseeb jisme chlta h✅ NEVER TRY TO BECOME SOMEONE ELSE #Nifty50 #StockMarket,0.4588
1.96e+18,13-08-2025 09:52,"#ApolloHospital whispered on July 1, I listened. She surged today 450+ points to kiss our targets 7590, 7620, 7640, 7670. Next-7990. 
#Nifty50 #BankNifty @TradingView #SwingTrading #StockMarketIndia @zerodhaonline #TechnicalAnalysis #DayTrading @CNBC_Awaaz #OptionTrading https://t.co/2EWOgRYPjK https://t.co/gr2dsN3JBQ",1,1,1,"#ApolloHospital whispered on July 1, I listened. She surged today 450+ points to kiss our targets 7590, 7620, 7640, 7670. Next-7990. #Nifty50 #BankNifty @TradingView #SwingTrading #StockMarketIndia @zerodhaonline #TechnicalAnalysis #DayTrading @CNBC_Awaaz #OptionTrading",0.4215
